"country","variable","group","Unit","Date","Value"
"France","Exports","Construction Minerals","NA","1990","20.4551"
"France","Exports","Construction Minerals","NA","1991","20.5547"
"France","Exports","Construction Minerals","NA","1992","19.8824"
"France","Exports","Construction Minerals","NA","1993","16.3419"
"France","Exports","Construction Minerals","NA","1994","19.028"
"France","Exports","Construction Minerals","NA","1995","19.0499"
"France","Exports","Construction Minerals","NA","1996","17.5897"
"France","Exports","Construction Minerals","NA","1997","18.7944"
"France","Exports","Construction Minerals","NA","1998","17.8485"
"France","Exports","Construction Minerals","NA","1999","17.9343"
"France","Exports","Construction Minerals","NA","2000","17.7412"
"France","Exports","Construction Minerals","NA","2001","17.734"
"France","Exports","Construction Minerals","NA","2002","15.7624"
"France","Exports","Construction Minerals","NA","2003","14.6276"
"France","Exports","Construction Minerals","NA","2004","14.0521"
"France","Exports","Construction Minerals","NA","2005","12.9223"
"France","Exports","Construction Minerals","NA","2006","13.7893"
"France","Exports","Construction Minerals","NA","2007","9.2849"
"France","Exports","Construction Minerals","NA","2008","9.0656"
"France","Exports","Construction Minerals","NA","2009","7.4437"
"France","Exports","Construction Minerals","NA","2010","11.3092"
"France","Exports","Construction Minerals","NA","2011","10.9487"
"France","Exports","Construction Minerals","NA","2012","11.1759"
"France","Exports","Construction Minerals","NA","2013","11.6946"
"France","Exports","Construction Minerals","NA","2014","12.076"
"France","Exports","Construction Minerals","NA","2015","11.7208"
"France","Exports","Construction Minerals","NA","2016","12.9986"
"France","Exports","Construction Minerals","NA","2017","12.9692"
"France","Exports","Construction Minerals","NA","2018","12.4971"
"France","Exports","Construction Minerals","NA","2019","13.3674"
"France","Exports","Construction Minerals","NA","2020","12.8733"
"France","Exports","Metals","NA","1990","28.5153"
"France","Exports","Metals","NA","1991","28.981"
"France","Exports","Metals","NA","1992","28.9005"
"France","Exports","Metals","NA","1993","29.2959"
"France","Exports","Metals","NA","1994","30.3086"
"France","Exports","Metals","NA","1995","30.7636"
"France","Exports","Metals","NA","1996","31.4687"
"France","Exports","Metals","NA","1997","33.8354"
"France","Exports","Metals","NA","1998","34.6192"
"France","Exports","Metals","NA","1999","36.3604"
"France","Exports","Metals","NA","2000","39.12"
"France","Exports","Metals","NA","2001","39.4701"
"France","Exports","Metals","NA","2002","40.4795"
"France","Exports","Metals","NA","2003","40.7009"
"France","Exports","Metals","NA","2004","42.7829"
"France","Exports","Metals","NA","2005","41.2066"
"France","Exports","Metals","NA","2006","43.2332"
"France","Exports","Metals","NA","2007","44.7949"
"France","Exports","Metals","NA","2008","43.8411"
"France","Exports","Metals","NA","2009","31.6055"
"France","Exports","Metals","NA","2010","34.6585"
"France","Exports","Metals","NA","2011","36.4887"
"France","Exports","Metals","NA","2012","36.5749"
"France","Exports","Metals","NA","2013","35.5525"
"France","Exports","Metals","NA","2014","36.836"
"France","Exports","Metals","NA","2015","34.5529"
"France","Exports","Metals","NA","2016","34.42"
"France","Exports","Metals","NA","2017","36.9482"
"France","Exports","Metals","NA","2018","36.9006"
"France","Exports","Metals","NA","2019","35.9926"
"France","Exports","Metals","NA","2020","30.1903"
"France","Exports","Non-Metallic Minerals","NA","1990","32.2307"
"France","Exports","Non-Metallic Minerals","NA","1991","31.9853"
"France","Exports","Non-Metallic Minerals","NA","1992","31.3137"
"France","Exports","Non-Metallic Minerals","NA","1993","26.7426"
"France","Exports","Non-Metallic Minerals","NA","1994","30.5404"
"France","Exports","Non-Metallic Minerals","NA","1995","30.8499"
"France","Exports","Non-Metallic Minerals","NA","1996","27.4929"
"France","Exports","Non-Metallic Minerals","NA","1997","29.0385"
"France","Exports","Non-Metallic Minerals","NA","1998","28.0702"
"France","Exports","Non-Metallic Minerals","NA","1999","27.6224"
"France","Exports","Non-Metallic Minerals","NA","2000","26.99"
"France","Exports","Non-Metallic Minerals","NA","2001","26.3508"
"France","Exports","Non-Metallic Minerals","NA","2002","24.4289"
"France","Exports","Non-Metallic Minerals","NA","2003","22.9177"
"France","Exports","Non-Metallic Minerals","NA","2004","23.0346"
"France","Exports","Non-Metallic Minerals","NA","2005","22.2383"
"France","Exports","Non-Metallic Minerals","NA","2006","22.2628"
"France","Exports","Non-Metallic Minerals","NA","2007","19.7078"
"France","Exports","Non-Metallic Minerals","NA","2008","19.4837"
"France","Exports","Non-Metallic Minerals","NA","2009","15.8532"
"France","Exports","Non-Metallic Minerals","NA","2010","20.225"
"France","Exports","Non-Metallic Minerals","NA","2011","21.6399"
"France","Exports","Non-Metallic Minerals","NA","2012","21.1393"
"France","Exports","Non-Metallic Minerals","NA","2013","21.9098"
"France","Exports","Non-Metallic Minerals","NA","2014","22.401"
"France","Exports","Non-Metallic Minerals","NA","2015","22.8663"
"France","Exports","Non-Metallic Minerals","NA","2016","24.51"
"France","Exports","Non-Metallic Minerals","NA","2017","24.0605"
"France","Exports","Non-Metallic Minerals","NA","2018","23.9539"
"France","Exports","Non-Metallic Minerals","NA","2019","24.9325"
"France","Exports","Non-Metallic Minerals","NA","2020","23.3223"
"Germany","Exports","Construction Minerals","NA","2000","32.0819"
"Germany","Exports","Construction Minerals","NA","2001","31.2258"
"Germany","Exports","Construction Minerals","NA","2002","33.4346"
"Germany","Exports","Construction Minerals","NA","2003","32.5329"
"Germany","Exports","Construction Minerals","NA","2004","34.8323"
"Germany","Exports","Construction Minerals","NA","2005","35.6839"
"Germany","Exports","Construction Minerals","NA","2006","42.3131"
"Germany","Exports","Construction Minerals","NA","2007","47.8624"
"Germany","Exports","Construction Minerals","NA","2008","49.6223"
"Germany","Exports","Construction Minerals","NA","2009","42.5899"
"Germany","Exports","Construction Minerals","NA","2010","39.8373"
"Germany","Exports","Construction Minerals","NA","2011","41.8633"
"Germany","Exports","Construction Minerals","NA","2012","37.0006"
"Germany","Exports","Construction Minerals","NA","2013","33.4986"
"Germany","Exports","Construction Minerals","NA","2014","34.1883"
"Germany","Exports","Construction Minerals","NA","2015","31.7671"
"Germany","Exports","Construction Minerals","NA","2016","33.3349"
"Germany","Exports","Construction Minerals","NA","2017","34.4681"
"Germany","Exports","Construction Minerals","NA","2018","32.6911"
"Germany","Exports","Construction Minerals","NA","2019","31.5388"
"Germany","Exports","Construction Minerals","NA","2020","28.3045"
"Germany","Exports","Metals","NA","2000","63.8259"
"Germany","Exports","Metals","NA","2001","64.9283"
"Germany","Exports","Metals","NA","2002","67.647"
"Germany","Exports","Metals","NA","2003","67.7858"
"Germany","Exports","Metals","NA","2004","74.8072"
"Germany","Exports","Metals","NA","2005","73.3446"
"Germany","Exports","Metals","NA","2006","81.6571"
"Germany","Exports","Metals","NA","2007","86.3661"
"Germany","Exports","Metals","NA","2008","87.6023"
"Germany","Exports","Metals","NA","2009","66.8557"
"Germany","Exports","Metals","NA","2010","80.3417"
"Germany","Exports","Metals","NA","2011","86.8489"
"Germany","Exports","Metals","NA","2012","84.5554"
"Germany","Exports","Metals","NA","2013","82.2432"
"Germany","Exports","Metals","NA","2014","83.6124"
"Germany","Exports","Metals","NA","2015","84.6619"
"Germany","Exports","Metals","NA","2016","82.8265"
"Germany","Exports","Metals","NA","2017","86.9226"
"Germany","Exports","Metals","NA","2018","86.2024"
"Germany","Exports","Metals","NA","2019","83.0739"
"Germany","Exports","Metals","NA","2020","74.436"
"Germany","Exports","Non-Metallic Minerals","NA","2000","58.2396"
"Germany","Exports","Non-Metallic Minerals","NA","2001","58.4045"
"Germany","Exports","Non-Metallic Minerals","NA","2002","61.7393"
"Germany","Exports","Non-Metallic Minerals","NA","2003","62.182"
"Germany","Exports","Non-Metallic Minerals","NA","2004","66.3877"
"Germany","Exports","Non-Metallic Minerals","NA","2005","69.4535"
"Germany","Exports","Non-Metallic Minerals","NA","2006","79.0379"
"Germany","Exports","Non-Metallic Minerals","NA","2007","87.2455"
"Germany","Exports","Non-Metallic Minerals","NA","2008","90.3869"
"Germany","Exports","Non-Metallic Minerals","NA","2009","76.3238"
"Germany","Exports","Non-Metallic Minerals","NA","2010","76.8917"
"Germany","Exports","Non-Metallic Minerals","NA","2011","81.2714"
"Germany","Exports","Non-Metallic Minerals","NA","2012","72.7595"
"Germany","Exports","Non-Metallic Minerals","NA","2013","69.2624"
"Germany","Exports","Non-Metallic Minerals","NA","2014","70.4401"
"Germany","Exports","Non-Metallic Minerals","NA","2015","69.0733"
"Germany","Exports","Non-Metallic Minerals","NA","2016","72.4501"
"Germany","Exports","Non-Metallic Minerals","NA","2017","76.011"
"Germany","Exports","Non-Metallic Minerals","NA","2018","74.7448"
"Germany","Exports","Non-Metallic Minerals","NA","2019","73.1234"
"Germany","Exports","Non-Metallic Minerals","NA","2020","66.659"
"Italy","Exports","Construction Minerals","NA","1991","7.532"
"Italy","Exports","Construction Minerals","NA","1992","7.948"
"Italy","Exports","Construction Minerals","NA","1993","9.118"
"Italy","Exports","Construction Minerals","NA","1994","10.442"
"Italy","Exports","Construction Minerals","NA","1995","11.288"
"Italy","Exports","Construction Minerals","NA","1996","11.252"
"Italy","Exports","Construction Minerals","NA","1997","11.811"
"Italy","Exports","Construction Minerals","NA","1998","12.213"
"Italy","Exports","Construction Minerals","NA","1999","12.486"
"Italy","Exports","Construction Minerals","NA","2000","13.1644"
"Italy","Exports","Construction Minerals","NA","2001","12.5823"
"Italy","Exports","Construction Minerals","NA","2002","12.6672"
"Italy","Exports","Construction Minerals","NA","2003","11.7656"
"Italy","Exports","Construction Minerals","NA","2004","12.1848"
"Italy","Exports","Construction Minerals","NA","2005","11.9601"
"Italy","Exports","Construction Minerals","NA","2006","12.2246"
"Italy","Exports","Construction Minerals","NA","2007","12.0122"
"Italy","Exports","Construction Minerals","NA","2008","11.2923"
"Italy","Exports","Construction Minerals","NA","2009","9.5051"
"Italy","Exports","Construction Minerals","NA","2010","10.5117"
"Italy","Exports","Construction Minerals","NA","2011","9.8891"
"Italy","Exports","Construction Minerals","NA","2012","9.9752"
"Italy","Exports","Construction Minerals","NA","2013","10.4044"
"Italy","Exports","Construction Minerals","NA","2014","10.9149"
"Italy","Exports","Construction Minerals","NA","2015","10.8945"
"Italy","Exports","Construction Minerals","NA","2016","10.8412"
"Italy","Exports","Construction Minerals","NA","2017","11.0242"
"Italy","Exports","Construction Minerals","NA","2018","10.4959"
"Italy","Exports","Construction Minerals","NA","2019","10.5756"
"Italy","Exports","Construction Minerals","NA","2020","9.8142"
"Italy","Exports","Metals","NA","1991","17.601"
"Italy","Exports","Metals","NA","1992","18.127"
"Italy","Exports","Metals","NA","1993","21.913"
"Italy","Exports","Metals","NA","1994","22.219"
"Italy","Exports","Metals","NA","1995","23.481"
"Italy","Exports","Metals","NA","1996","24.451"
"Italy","Exports","Metals","NA","1997","24.817"
"Italy","Exports","Metals","NA","1998","24.933"
"Italy","Exports","Metals","NA","1999","24.69"
"Italy","Exports","Metals","NA","2000","28.2838"
"Italy","Exports","Metals","NA","2001","29.3209"
"Italy","Exports","Metals","NA","2002","28.252"
"Italy","Exports","Metals","NA","2003","28.4412"
"Italy","Exports","Metals","NA","2004","31.9719"
"Italy","Exports","Metals","NA","2005","33.1701"
"Italy","Exports","Metals","NA","2006","37.8142"
"Italy","Exports","Metals","NA","2007","40.9781"
"Italy","Exports","Metals","NA","2008","40.1165"
"Italy","Exports","Metals","NA","2009","28.1918"
"Italy","Exports","Metals","NA","2010","33.5773"
"Italy","Exports","Metals","NA","2011","36.34"
"Italy","Exports","Metals","NA","2012","37.4877"
"Italy","Exports","Metals","NA","2013","35.924"
"Italy","Exports","Metals","NA","2014","36.5734"
"Italy","Exports","Metals","NA","2015","36.1081"
"Italy","Exports","Metals","NA","2016","38.1746"
"Italy","Exports","Metals","NA","2017","39.5228"
"Italy","Exports","Metals","NA","2018","39.3792"
"Italy","Exports","Metals","NA","2019","38.804"
"Italy","Exports","Metals","NA","2020","33.9158"
"Italy","Exports","Non-Metallic Minerals","NA","1991","11.311"
"Italy","Exports","Non-Metallic Minerals","NA","1992","12.438"
"Italy","Exports","Non-Metallic Minerals","NA","1993","13.372"
"Italy","Exports","Non-Metallic Minerals","NA","1994","15.513"
"Italy","Exports","Non-Metallic Minerals","NA","1995","17.502"
"Italy","Exports","Non-Metallic Minerals","NA","1996","18.254"
"Italy","Exports","Non-Metallic Minerals","NA","1997","19.789"
"Italy","Exports","Non-Metallic Minerals","NA","1998","21.19"
"Italy","Exports","Non-Metallic Minerals","NA","1999","20.79"
"Italy","Exports","Non-Metallic Minerals","NA","2000","21.8414"
"Italy","Exports","Non-Metallic Minerals","NA","2001","21.1299"
"Italy","Exports","Non-Metallic Minerals","NA","2002","20.8011"
"Italy","Exports","Non-Metallic Minerals","NA","2003","19.6588"
"Italy","Exports","Non-Metallic Minerals","NA","2004","20.7079"
"Italy","Exports","Non-Metallic Minerals","NA","2005","21.4945"
"Italy","Exports","Non-Metallic Minerals","NA","2006","22.2328"
"Italy","Exports","Non-Metallic Minerals","NA","2007","21.6754"
"Italy","Exports","Non-Metallic Minerals","NA","2008","20.7742"
"Italy","Exports","Non-Metallic Minerals","NA","2009","16.8204"
"Italy","Exports","Non-Metallic Minerals","NA","2010","19.7137"
"Italy","Exports","Non-Metallic Minerals","NA","2011","19.2959"
"Italy","Exports","Non-Metallic Minerals","NA","2012","19.4498"
"Italy","Exports","Non-Metallic Minerals","NA","2013","20.5084"
"Italy","Exports","Non-Metallic Minerals","NA","2014","20.9236"
"Italy","Exports","Non-Metallic Minerals","NA","2015","20.4762"
"Italy","Exports","Non-Metallic Minerals","NA","2016","19.9104"
"Italy","Exports","Non-Metallic Minerals","NA","2017","19.805"
"Italy","Exports","Non-Metallic Minerals","NA","2018","20.1117"
"Italy","Exports","Non-Metallic Minerals","NA","2019","19.0891"
"Italy","Exports","Non-Metallic Minerals","NA","2020","17.4935"
"Denmark","Exports","Construction Minerals","NA","1993","2.6789"
"Denmark","Exports","Construction Minerals","NA","1994","2.9225"
"Denmark","Exports","Construction Minerals","NA","1995","2.9176"
"Denmark","Exports","Construction Minerals","NA","1996","2.9473"
"Denmark","Exports","Construction Minerals","NA","1997","2.5869"
"Denmark","Exports","Construction Minerals","NA","1998","2.3486"
"Denmark","Exports","Construction Minerals","NA","1999","2.2831"
"Denmark","Exports","Construction Minerals","NA","2000","3.2449"
"Denmark","Exports","Construction Minerals","NA","2001","2.6024"
"Denmark","Exports","Construction Minerals","NA","2002","2.1002"
"Denmark","Exports","Construction Minerals","NA","2003","1.8446"
"Denmark","Exports","Construction Minerals","NA","2004","1.9525"
"Denmark","Exports","Construction Minerals","NA","2005","2.1609"
"Denmark","Exports","Construction Minerals","NA","2006","2.7091"
"Denmark","Exports","Construction Minerals","NA","2007","3.0692"
"Denmark","Exports","Construction Minerals","NA","2008","2.4768"
"Denmark","Exports","Construction Minerals","NA","2009","2.0936"
"Denmark","Exports","Construction Minerals","NA","2010","2.1749"
"Denmark","Exports","Construction Minerals","NA","2011","2.2106"
"Denmark","Exports","Construction Minerals","NA","2012","2.3534"
"Denmark","Exports","Construction Minerals","NA","2013","2.4817"
"Denmark","Exports","Construction Minerals","NA","2014","2.7932"
"Denmark","Exports","Construction Minerals","NA","2015","2.5657"
"Denmark","Exports","Construction Minerals","NA","2016","2.9043"
"Denmark","Exports","Construction Minerals","NA","2017","3.7172"
"Denmark","Exports","Construction Minerals","NA","2018","3.3094"
"Denmark","Exports","Construction Minerals","NA","2019","3.3962"
"Denmark","Exports","Construction Minerals","NA","2020","3.6853"
"Denmark","Exports","Metals","NA","1993","2.9559"
"Denmark","Exports","Metals","NA","1994","3.0584"
"Denmark","Exports","Metals","NA","1995","3.3031"
"Denmark","Exports","Metals","NA","1996","3.3031"
"Denmark","Exports","Metals","NA","1997","3.5554"
"Denmark","Exports","Metals","NA","1998","3.5005"
"Denmark","Exports","Metals","NA","1999","4.1969"
"Denmark","Exports","Metals","NA","2000","3.8366"
"Denmark","Exports","Metals","NA","2001","4.0649"
"Denmark","Exports","Metals","NA","2002","4.5161"
"Denmark","Exports","Metals","NA","2003","4.6829"
"Denmark","Exports","Metals","NA","2004","4.9318"
"Denmark","Exports","Metals","NA","2005","5.0097"
"Denmark","Exports","Metals","NA","2006","6.0492"
"Denmark","Exports","Metals","NA","2007","5.8594"
"Denmark","Exports","Metals","NA","2008","6.1209"
"Denmark","Exports","Metals","NA","2009","4.2541"
"Denmark","Exports","Metals","NA","2010","4.9026"
"Denmark","Exports","Metals","NA","2011","5.3595"
"Denmark","Exports","Metals","NA","2012","4.6944"
"Denmark","Exports","Metals","NA","2013","4.6898"
"Denmark","Exports","Metals","NA","2014","5.1943"
"Denmark","Exports","Metals","NA","2015","4.4128"
"Denmark","Exports","Metals","NA","2016","5.0273"
"Denmark","Exports","Metals","NA","2017","5.2429"
"Denmark","Exports","Metals","NA","2018","5.2856"
"Denmark","Exports","Metals","NA","2019","5.2996"
"Denmark","Exports","Metals","NA","2020","5.1044"
"Denmark","Exports","Non-Metallic Minerals","NA","1993","6.2478"
"Denmark","Exports","Non-Metallic Minerals","NA","1994","6.7071"
"Denmark","Exports","Non-Metallic Minerals","NA","1995","6.8463"
"Denmark","Exports","Non-Metallic Minerals","NA","1996","6.7954"
"Denmark","Exports","Non-Metallic Minerals","NA","1997","6.6214"
"Denmark","Exports","Non-Metallic Minerals","NA","1998","5.4179"
"Denmark","Exports","Non-Metallic Minerals","NA","1999","5.474"
"Denmark","Exports","Non-Metallic Minerals","NA","2000","7.4786"
"Denmark","Exports","Non-Metallic Minerals","NA","2001","5.9062"
"Denmark","Exports","Non-Metallic Minerals","NA","2002","5.3751"
"Denmark","Exports","Non-Metallic Minerals","NA","2003","5.0723"
"Denmark","Exports","Non-Metallic Minerals","NA","2004","4.9567"
"Denmark","Exports","Non-Metallic Minerals","NA","2005","5.1862"
"Denmark","Exports","Non-Metallic Minerals","NA","2006","5.5172"
"Denmark","Exports","Non-Metallic Minerals","NA","2007","5.7336"
"Denmark","Exports","Non-Metallic Minerals","NA","2008","4.9083"
"Denmark","Exports","Non-Metallic Minerals","NA","2009","3.9976"
"Denmark","Exports","Non-Metallic Minerals","NA","2010","4.3257"
"Denmark","Exports","Non-Metallic Minerals","NA","2011","4.5315"
"Denmark","Exports","Non-Metallic Minerals","NA","2012","4.8826"
"Denmark","Exports","Non-Metallic Minerals","NA","2013","4.9082"
"Denmark","Exports","Non-Metallic Minerals","NA","2014","5.435"
"Denmark","Exports","Non-Metallic Minerals","NA","2015","5.0943"
"Denmark","Exports","Non-Metallic Minerals","NA","2016","5.6437"
"Denmark","Exports","Non-Metallic Minerals","NA","2017","6.6584"
"Denmark","Exports","Non-Metallic Minerals","NA","2018","5.9909"
"Denmark","Exports","Non-Metallic Minerals","NA","2019","5.9112"
"Denmark","Exports","Non-Metallic Minerals","NA","2020","6.3183"
"Netherlands","Exports","Construction Minerals","NA","1996","13.0813"
"Netherlands","Exports","Construction Minerals","NA","1997","14.1123"
"Netherlands","Exports","Construction Minerals","NA","1998","12.5044"
"Netherlands","Exports","Construction Minerals","NA","1999","12.9891"
"Netherlands","Exports","Construction Minerals","NA","2000","16.4979"
"Netherlands","Exports","Construction Minerals","NA","2001","17.995"
"Netherlands","Exports","Construction Minerals","NA","2002","18.808"
"Netherlands","Exports","Construction Minerals","NA","2003","16.8982"
"Netherlands","Exports","Construction Minerals","NA","2004","15.8813"
"Netherlands","Exports","Construction Minerals","NA","2005","17.5881"
"Netherlands","Exports","Construction Minerals","NA","2006","20.1005"
"Netherlands","Exports","Construction Minerals","NA","2007","17.6214"
"Netherlands","Exports","Construction Minerals","NA","2008","19.141"
"Netherlands","Exports","Construction Minerals","NA","2009","13.9373"
"Netherlands","Exports","Construction Minerals","NA","2010","16.5455"
"Netherlands","Exports","Construction Minerals","NA","2011","19.9138"
"Netherlands","Exports","Construction Minerals","NA","2012","15.7323"
"Netherlands","Exports","Construction Minerals","NA","2013","18.5131"
"Netherlands","Exports","Construction Minerals","NA","2014","18.0439"
"Netherlands","Exports","Construction Minerals","NA","2015","12.2909"
"Netherlands","Exports","Construction Minerals","NA","2016","13.4952"
"Netherlands","Exports","Construction Minerals","NA","2017","15.1244"
"Netherlands","Exports","Construction Minerals","NA","2018","16.7257"
"Netherlands","Exports","Construction Minerals","NA","2019","14.4045"
"Netherlands","Exports","Construction Minerals","NA","2020","21.5164"
"Netherlands","Exports","Metals","NA","1996","18.3041"
"Netherlands","Exports","Metals","NA","1997","19.694"
"Netherlands","Exports","Metals","NA","1998","20.1"
"Netherlands","Exports","Metals","NA","1999","19.1233"
"Netherlands","Exports","Metals","NA","2000","20.7662"
"Netherlands","Exports","Metals","NA","2001","19.968"
"Netherlands","Exports","Metals","NA","2002","21.4335"
"Netherlands","Exports","Metals","NA","2003","21.6406"
"Netherlands","Exports","Metals","NA","2004","26.0565"
"Netherlands","Exports","Metals","NA","2005","27.3683"
"Netherlands","Exports","Metals","NA","2006","31.2277"
"Netherlands","Exports","Metals","NA","2007","35.1934"
"Netherlands","Exports","Metals","NA","2008","30.8647"
"Netherlands","Exports","Metals","NA","2009","27.1463"
"Netherlands","Exports","Metals","NA","2010","31.3073"
"Netherlands","Exports","Metals","NA","2011","32.9928"
"Netherlands","Exports","Metals","NA","2012","32.4194"
"Netherlands","Exports","Metals","NA","2013","30.7316"
"Netherlands","Exports","Metals","NA","2014","32.1731"
"Netherlands","Exports","Metals","NA","2015","30.6595"
"Netherlands","Exports","Metals","NA","2016","32.6832"
"Netherlands","Exports","Metals","NA","2017","32.2371"
"Netherlands","Exports","Metals","NA","2018","33.2002"
"Netherlands","Exports","Metals","NA","2019","32.4697"
"Netherlands","Exports","Metals","NA","2020","31.0174"
"Netherlands","Exports","Non-Metallic Minerals","NA","1996","27.811"
"Netherlands","Exports","Non-Metallic Minerals","NA","1997","30.0996"
"Netherlands","Exports","Non-Metallic Minerals","NA","1998","30.0047"
"Netherlands","Exports","Non-Metallic Minerals","NA","1999","30.3761"
"Netherlands","Exports","Non-Metallic Minerals","NA","2000","33.8241"
"Netherlands","Exports","Non-Metallic Minerals","NA","2001","35.3325"
"Netherlands","Exports","Non-Metallic Minerals","NA","2002","35.8524"
"Netherlands","Exports","Non-Metallic Minerals","NA","2003","34.6306"
"Netherlands","Exports","Non-Metallic Minerals","NA","2004","33.7471"
"Netherlands","Exports","Non-Metallic Minerals","NA","2005","36.2036"
"Netherlands","Exports","Non-Metallic Minerals","NA","2006","38.0789"
"Netherlands","Exports","Non-Metallic Minerals","NA","2007","36.3468"
"Netherlands","Exports","Non-Metallic Minerals","NA","2008","36.9117"
"Netherlands","Exports","Non-Metallic Minerals","NA","2009","29.5021"
"Netherlands","Exports","Non-Metallic Minerals","NA","2010","33.1929"
"Netherlands","Exports","Non-Metallic Minerals","NA","2011","35.7988"
"Netherlands","Exports","Non-Metallic Minerals","NA","2012","34.4885"
"Netherlands","Exports","Non-Metallic Minerals","NA","2013","37.4066"
"Netherlands","Exports","Non-Metallic Minerals","NA","2014","37.1566"
"Netherlands","Exports","Non-Metallic Minerals","NA","2015","30.2913"
"Netherlands","Exports","Non-Metallic Minerals","NA","2016","32.9546"
"Netherlands","Exports","Non-Metallic Minerals","NA","2017","34.7578"
"Netherlands","Exports","Non-Metallic Minerals","NA","2018","34.8266"
"Netherlands","Exports","Non-Metallic Minerals","NA","2019","32.7142"
"Netherlands","Exports","Non-Metallic Minerals","NA","2020","38.8964"
"Poland","Exports","Construction Minerals","NA","2000","3.9164"
"Poland","Exports","Construction Minerals","NA","2001","2.8583"
"Poland","Exports","Construction Minerals","NA","2002","2.7099"
"Poland","Exports","Construction Minerals","NA","2003","2.8402"
"Poland","Exports","Construction Minerals","NA","2004","2.7618"
"Poland","Exports","Construction Minerals","NA","2005","2.9466"
"Poland","Exports","Construction Minerals","NA","2006","3.3009"
"Poland","Exports","Construction Minerals","NA","2007","3.3099"
"Poland","Exports","Construction Minerals","NA","2008","3.0853"
"Poland","Exports","Construction Minerals","NA","2009","2.2199"
"Poland","Exports","Construction Minerals","NA","2010","2.4432"
"Poland","Exports","Construction Minerals","NA","2011","2.9567"
"Poland","Exports","Construction Minerals","NA","2012","3.0188"
"Poland","Exports","Construction Minerals","NA","2013","3.831"
"Poland","Exports","Construction Minerals","NA","2014","4.2408"
"Poland","Exports","Construction Minerals","NA","2015","4.1784"
"Poland","Exports","Construction Minerals","NA","2016","4.0554"
"Poland","Exports","Construction Minerals","NA","2017","4.3361"
"Poland","Exports","Construction Minerals","NA","2018","5.3962"
"Poland","Exports","Construction Minerals","NA","2019","4.4567"
"Poland","Exports","Construction Minerals","NA","2020","4.8546"
"Poland","Exports","Metals","NA","2000","9.5409"
"Poland","Exports","Metals","NA","2001","10.7818"
"Poland","Exports","Metals","NA","2002","11.921"
"Poland","Exports","Metals","NA","2003","13.9162"
"Poland","Exports","Metals","NA","2004","15.8162"
"Poland","Exports","Metals","NA","2005","14.0881"
"Poland","Exports","Metals","NA","2006","14.7415"
"Poland","Exports","Metals","NA","2007","16.9142"
"Poland","Exports","Metals","NA","2008","17.9927"
"Poland","Exports","Metals","NA","2009","14.4885"
"Poland","Exports","Metals","NA","2010","14.8004"
"Poland","Exports","Metals","NA","2011","16.9331"
"Poland","Exports","Metals","NA","2012","17.7466"
"Poland","Exports","Metals","NA","2013","17.4933"
"Poland","Exports","Metals","NA","2014","18.14"
"Poland","Exports","Metals","NA","2015","21.7888"
"Poland","Exports","Metals","NA","2016","20.5757"
"Poland","Exports","Metals","NA","2017","21.7903"
"Poland","Exports","Metals","NA","2018","22.7443"
"Poland","Exports","Metals","NA","2019","23.3695"
"Poland","Exports","Metals","NA","2020","22.5188"
"Poland","Exports","Non-Metallic Minerals","NA","2000","10.7469"
"Poland","Exports","Non-Metallic Minerals","NA","2001","8.4508"
"Poland","Exports","Non-Metallic Minerals","NA","2002","7.7606"
"Poland","Exports","Non-Metallic Minerals","NA","2003","9.1171"
"Poland","Exports","Non-Metallic Minerals","NA","2004","9.0788"
"Poland","Exports","Non-Metallic Minerals","NA","2005","10.0745"
"Poland","Exports","Non-Metallic Minerals","NA","2006","10.2949"
"Poland","Exports","Non-Metallic Minerals","NA","2007","9.6536"
"Poland","Exports","Non-Metallic Minerals","NA","2008","9.3872"
"Poland","Exports","Non-Metallic Minerals","NA","2009","7.0417"
"Poland","Exports","Non-Metallic Minerals","NA","2010","8.5268"
"Poland","Exports","Non-Metallic Minerals","NA","2011","9.2043"
"Poland","Exports","Non-Metallic Minerals","NA","2012","9.4174"
"Poland","Exports","Non-Metallic Minerals","NA","2013","10.3944"
"Poland","Exports","Non-Metallic Minerals","NA","2014","11.1288"
"Poland","Exports","Non-Metallic Minerals","NA","2015","12.5185"
"Poland","Exports","Non-Metallic Minerals","NA","2016","10.7742"
"Poland","Exports","Non-Metallic Minerals","NA","2017","11.9494"
"Poland","Exports","Non-Metallic Minerals","NA","2018","13.2146"
"Poland","Exports","Non-Metallic Minerals","NA","2019","11.8865"
"Poland","Exports","Non-Metallic Minerals","NA","2020","12.3534"
"Spain","Exports","Construction Minerals","NA","1995","9.0532"
"Spain","Exports","Construction Minerals","NA","1996","9.4541"
"Spain","Exports","Construction Minerals","NA","1997","12.1349"
"Spain","Exports","Construction Minerals","NA","1998","13.422"
"Spain","Exports","Construction Minerals","NA","1999","12.5487"
"Spain","Exports","Construction Minerals","NA","2000","14.1884"
"Spain","Exports","Construction Minerals","NA","2001","14.4514"
"Spain","Exports","Construction Minerals","NA","2002","15.1609"
"Spain","Exports","Construction Minerals","NA","2003","15.1323"
"Spain","Exports","Construction Minerals","NA","2004","15.3285"
"Spain","Exports","Construction Minerals","NA","2005","16.0209"
"Spain","Exports","Construction Minerals","NA","2006","17.4992"
"Spain","Exports","Construction Minerals","NA","2007","16.418"
"Spain","Exports","Construction Minerals","NA","2008","15.1914"
"Spain","Exports","Construction Minerals","NA","2009","11.2235"
"Spain","Exports","Construction Minerals","NA","2010","12.7184"
"Spain","Exports","Construction Minerals","NA","2011","14.1944"
"Spain","Exports","Construction Minerals","NA","2012","14.8581"
"Spain","Exports","Construction Minerals","NA","2013","14.9345"
"Spain","Exports","Construction Minerals","NA","2014","15.9917"
"Spain","Exports","Construction Minerals","NA","2015","17.1245"
"Spain","Exports","Construction Minerals","NA","2016","18.2406"
"Spain","Exports","Construction Minerals","NA","2017","20.9449"
"Spain","Exports","Construction Minerals","NA","2018","22.1506"
"Spain","Exports","Construction Minerals","NA","2019","22.4285"
"Spain","Exports","Construction Minerals","NA","2020","22.7986"
"Spain","Exports","Metals","NA","1995","13.6623"
"Spain","Exports","Metals","NA","1996","15.9092"
"Spain","Exports","Metals","NA","1997","14.4386"
"Spain","Exports","Metals","NA","1998","14.6778"
"Spain","Exports","Metals","NA","1999","15.5322"
"Spain","Exports","Metals","NA","2000","16.6481"
"Spain","Exports","Metals","NA","2001","16.4373"
"Spain","Exports","Metals","NA","2002","16.0788"
"Spain","Exports","Metals","NA","2003","17.3645"
"Spain","Exports","Metals","NA","2004","18.432"
"Spain","Exports","Metals","NA","2005","19.9029"
"Spain","Exports","Metals","NA","2006","20.5106"
"Spain","Exports","Metals","NA","2007","22.0596"
"Spain","Exports","Metals","NA","2008","23.3669"
"Spain","Exports","Metals","NA","2009","21.2912"
"Spain","Exports","Metals","NA","2010","23.3482"
"Spain","Exports","Metals","NA","2011","25.5813"
"Spain","Exports","Metals","NA","2012","25.2171"
"Spain","Exports","Metals","NA","2013","25.6184"
"Spain","Exports","Metals","NA","2014","25.9469"
"Spain","Exports","Metals","NA","2015","29.5496"
"Spain","Exports","Metals","NA","2016","29.7351"
"Spain","Exports","Metals","NA","2017","33.8372"
"Spain","Exports","Metals","NA","2018","35.3322"
"Spain","Exports","Metals","NA","2019","27.4046"
"Spain","Exports","Metals","NA","2020","24.5452"
"Spain","Exports","Non-Metallic Minerals","NA","1995","20.0586"
"Spain","Exports","Non-Metallic Minerals","NA","1996","21.2349"
"Spain","Exports","Non-Metallic Minerals","NA","1997","23.5095"
"Spain","Exports","Non-Metallic Minerals","NA","1998","23.5389"
"Spain","Exports","Non-Metallic Minerals","NA","1999","22.3517"
"Spain","Exports","Non-Metallic Minerals","NA","2000","22.6934"
"Spain","Exports","Non-Metallic Minerals","NA","2001","22.1965"
"Spain","Exports","Non-Metallic Minerals","NA","2002","22.8326"
"Spain","Exports","Non-Metallic Minerals","NA","2003","22.7971"
"Spain","Exports","Non-Metallic Minerals","NA","2004","23.8474"
"Spain","Exports","Non-Metallic Minerals","NA","2005","24.251"
"Spain","Exports","Non-Metallic Minerals","NA","2006","25.4545"
"Spain","Exports","Non-Metallic Minerals","NA","2007","24.3257"
"Spain","Exports","Non-Metallic Minerals","NA","2008","24.049"
"Spain","Exports","Non-Metallic Minerals","NA","2009","20.7607"
"Spain","Exports","Non-Metallic Minerals","NA","2010","23.8948"
"Spain","Exports","Non-Metallic Minerals","NA","2011","25.9859"
"Spain","Exports","Non-Metallic Minerals","NA","2012","29.1612"
"Spain","Exports","Non-Metallic Minerals","NA","2013","31.212"
"Spain","Exports","Non-Metallic Minerals","NA","2014","33.7669"
"Spain","Exports","Non-Metallic Minerals","NA","2015","35.0998"
"Spain","Exports","Non-Metallic Minerals","NA","2016","37.264"
"Spain","Exports","Non-Metallic Minerals","NA","2017","41.3714"
"Spain","Exports","Non-Metallic Minerals","NA","2018","43.2916"
"Spain","Exports","Non-Metallic Minerals","NA","2019","38.6825"
"Spain","Exports","Non-Metallic Minerals","NA","2020","37.8191"
"Ireland","Exports","Construction Minerals","NA","1994","0.3864"
"Ireland","Exports","Construction Minerals","NA","1995","0.4333"
"Ireland","Exports","Construction Minerals","NA","1996","0.2285"
"Ireland","Exports","Construction Minerals","NA","1997","0.6151"
"Ireland","Exports","Construction Minerals","NA","1998","1.0969"
"Ireland","Exports","Construction Minerals","NA","1999","0.9736"
"Ireland","Exports","Construction Minerals","NA","2000","0.483"
"Ireland","Exports","Construction Minerals","NA","2001","0.5374"
"Ireland","Exports","Construction Minerals","NA","2002","0.8167"
"Ireland","Exports","Construction Minerals","NA","2003","0.6959"
"Ireland","Exports","Construction Minerals","NA","2004","0.3127"
"Ireland","Exports","Construction Minerals","NA","2005","0.4356"
"Ireland","Exports","Construction Minerals","NA","2006","0.386"
"Ireland","Exports","Construction Minerals","NA","2007","0.2313"
"Ireland","Exports","Construction Minerals","NA","2008","0.409"
"Ireland","Exports","Construction Minerals","NA","2009","0.1669"
"Ireland","Exports","Construction Minerals","NA","2010","0.1387"
"Ireland","Exports","Construction Minerals","NA","2011","0.1292"
"Ireland","Exports","Construction Minerals","NA","2012","0.1922"
"Ireland","Exports","Construction Minerals","NA","2013","0.2867"
"Ireland","Exports","Construction Minerals","NA","2014","0.2505"
"Ireland","Exports","Construction Minerals","NA","2015","0.7928"
"Ireland","Exports","Construction Minerals","NA","2016","0.9662"
"Ireland","Exports","Construction Minerals","NA","2017","0.5096"
"Ireland","Exports","Construction Minerals","NA","2018","0.2702"
"Ireland","Exports","Construction Minerals","NA","2019","0.2755"
"Ireland","Exports","Construction Minerals","NA","2020","0.4112"
"Ireland","Exports","Metals","NA","1994","2.4777"
"Ireland","Exports","Metals","NA","1995","2.4885"
"Ireland","Exports","Metals","NA","1996","2.5324"
"Ireland","Exports","Metals","NA","1997","2.7492"
"Ireland","Exports","Metals","NA","1998","2.8995"
"Ireland","Exports","Metals","NA","1999","2.8506"
"Ireland","Exports","Metals","NA","2000","3.5668"
"Ireland","Exports","Metals","NA","2001","3.4033"
"Ireland","Exports","Metals","NA","2002","2.7828"
"Ireland","Exports","Metals","NA","2003","3.0192"
"Ireland","Exports","Metals","NA","2004","3.3567"
"Ireland","Exports","Metals","NA","2005","3.2715"
"Ireland","Exports","Metals","NA","2006","3.335"
"Ireland","Exports","Metals","NA","2007","3.4889"
"Ireland","Exports","Metals","NA","2008","3.5232"
"Ireland","Exports","Metals","NA","2009","2.5793"
"Ireland","Exports","Metals","NA","2010","3.2544"
"Ireland","Exports","Metals","NA","2011","3.9555"
"Ireland","Exports","Metals","NA","2012","3.666"
"Ireland","Exports","Metals","NA","2013","3.6414"
"Ireland","Exports","Metals","NA","2014","3.5509"
"Ireland","Exports","Metals","NA","2015","3.3972"
"Ireland","Exports","Metals","NA","2016","3.3044"
"Ireland","Exports","Metals","NA","2017","3.352"
"Ireland","Exports","Metals","NA","2018","3.4278"
"Ireland","Exports","Metals","NA","2019","3.4076"
"Ireland","Exports","Metals","NA","2020","2.9956"
"Ireland","Exports","Non-Metallic Minerals","NA","1994","1.2319"
"Ireland","Exports","Non-Metallic Minerals","NA","1995","1.2151"
"Ireland","Exports","Non-Metallic Minerals","NA","1996","0.956"
"Ireland","Exports","Non-Metallic Minerals","NA","1997","1.4335"
"Ireland","Exports","Non-Metallic Minerals","NA","1998","1.8312"
"Ireland","Exports","Non-Metallic Minerals","NA","1999","1.613"
"Ireland","Exports","Non-Metallic Minerals","NA","2000","1.0632"
"Ireland","Exports","Non-Metallic Minerals","NA","2001","1.2932"
"Ireland","Exports","Non-Metallic Minerals","NA","2002","2.0301"
"Ireland","Exports","Non-Metallic Minerals","NA","2003","1.7912"
"Ireland","Exports","Non-Metallic Minerals","NA","2004","1.6537"
"Ireland","Exports","Non-Metallic Minerals","NA","2005","1.592"
"Ireland","Exports","Non-Metallic Minerals","NA","2006","1.5773"
"Ireland","Exports","Non-Metallic Minerals","NA","2007","1.5928"
"Ireland","Exports","Non-Metallic Minerals","NA","2008","1.7662"
"Ireland","Exports","Non-Metallic Minerals","NA","2009","1.4292"
"Ireland","Exports","Non-Metallic Minerals","NA","2010","1.3807"
"Ireland","Exports","Non-Metallic Minerals","NA","2011","1.3362"
"Ireland","Exports","Non-Metallic Minerals","NA","2012","1.835"
"Ireland","Exports","Non-Metallic Minerals","NA","2013","1.9958"
"Ireland","Exports","Non-Metallic Minerals","NA","2014","2.5153"
"Ireland","Exports","Non-Metallic Minerals","NA","2015","3.4466"
"Ireland","Exports","Non-Metallic Minerals","NA","2016","3.8242"
"Ireland","Exports","Non-Metallic Minerals","NA","2017","3.3308"
"Ireland","Exports","Non-Metallic Minerals","NA","2018","3.2009"
"Ireland","Exports","Non-Metallic Minerals","NA","2019","2.9272"
"Ireland","Exports","Non-Metallic Minerals","NA","2020","3.0489"
