"country","variable","group","Unit","Date","Value"
"Denmark","Gross Domestic Product Per Direct Material Input (2015 Ppp)","Construction Minerals","NA","1993","3.9179"
"Denmark","Gross Domestic Product Per Direct Material Input (2015 Ppp)","Construction Minerals","NA","1994","3.8836"
"Denmark","Gross Domestic Product Per Direct Material Input (2015 Ppp)","Construction Minerals","NA","1995","3.6226"
"Denmark","Gross Domestic Product Per Direct Material Input (2015 Ppp)","Construction Minerals","NA","1996","3.3838"
"Denmark","Gross Domestic Product Per Direct Material Input (2015 Ppp)","Construction Minerals","NA","1997","3.2544"
"Denmark","Gross Domestic Product Per Direct Material Input (2015 Ppp)","Construction Minerals","NA","1998","3.4724"
"Denmark","Gross Domestic Product Per Direct Material Input (2015 Ppp)","Construction Minerals","NA","1999","2.9123"
"Denmark","Gross Domestic Product Per Direct Material Input (2015 Ppp)","Construction Minerals","NA","2000","3.4964"
"Denmark","Gross Domestic Product Per Direct Material Input (2015 Ppp)","Construction Minerals","NA","2001","3.7461"
"Denmark","Gross Domestic Product Per Direct Material Input (2015 Ppp)","Construction Minerals","NA","2002","3.8896"
"Denmark","Gross Domestic Product Per Direct Material Input (2015 Ppp)","Construction Minerals","NA","2003","4.0461"
"Denmark","Gross Domestic Product Per Direct Material Input (2015 Ppp)","Construction Minerals","NA","2004","3.7078"
"Denmark","Gross Domestic Product Per Direct Material Input (2015 Ppp)","Construction Minerals","NA","2005","3.215"
"Denmark","Gross Domestic Product Per Direct Material Input (2015 Ppp)","Construction Minerals","NA","2006","3.1738"
"Denmark","Gross Domestic Product Per Direct Material Input (2015 Ppp)","Construction Minerals","NA","2007","3.2802"
"Denmark","Gross Domestic Product Per Direct Material Input (2015 Ppp)","Construction Minerals","NA","2008","3.7615"
"Denmark","Gross Domestic Product Per Direct Material Input (2015 Ppp)","Construction Minerals","NA","2009","4.9133"
"Denmark","Gross Domestic Product Per Direct Material Input (2015 Ppp)","Construction Minerals","NA","2010","5.2645"
"Denmark","Gross Domestic Product Per Direct Material Input (2015 Ppp)","Construction Minerals","NA","2011","4.327"
"Denmark","Gross Domestic Product Per Direct Material Input (2015 Ppp)","Construction Minerals","NA","2012","4.2403"
"Denmark","Gross Domestic Product Per Direct Material Input (2015 Ppp)","Construction Minerals","NA","2013","4.8252"
"Denmark","Gross Domestic Product Per Direct Material Input (2015 Ppp)","Construction Minerals","NA","2014","4.683"
"Denmark","Gross Domestic Product Per Direct Material Input (2015 Ppp)","Construction Minerals","NA","2015","4.3492"
"Denmark","Gross Domestic Product Per Direct Material Input (2015 Ppp)","Construction Minerals","NA","2016","4.1991"
"Denmark","Gross Domestic Product Per Direct Material Input (2015 Ppp)","Construction Minerals","NA","2017","4.2223"
"Denmark","Gross Domestic Product Per Direct Material Input (2015 Ppp)","Construction Minerals","NA","2018","4.1198"
"Denmark","Gross Domestic Product Per Direct Material Input (2015 Ppp)","Construction Minerals","NA","2019","4.2077"
"Denmark","Gross Domestic Product Per Direct Material Input (2015 Ppp)","Construction Minerals","NA","2020","4.1273"
"Denmark","Gross Domestic Product Per Direct Material Input (2015 Ppp)","Non-Metallic Minerals","NA","1993","3.6375"
"Denmark","Gross Domestic Product Per Direct Material Input (2015 Ppp)","Non-Metallic Minerals","NA","1994","3.5478"
"Denmark","Gross Domestic Product Per Direct Material Input (2015 Ppp)","Non-Metallic Minerals","NA","1995","3.3855"
"Denmark","Gross Domestic Product Per Direct Material Input (2015 Ppp)","Non-Metallic Minerals","NA","1996","3.1546"
"Denmark","Gross Domestic Product Per Direct Material Input (2015 Ppp)","Non-Metallic Minerals","NA","1997","3.0853"
"Denmark","Gross Domestic Product Per Direct Material Input (2015 Ppp)","Non-Metallic Minerals","NA","1998","3.3056"
"Denmark","Gross Domestic Product Per Direct Material Input (2015 Ppp)","Non-Metallic Minerals","NA","1999","2.7353"
"Denmark","Gross Domestic Product Per Direct Material Input (2015 Ppp)","Non-Metallic Minerals","NA","2000","3.3024"
"Denmark","Gross Domestic Product Per Direct Material Input (2015 Ppp)","Non-Metallic Minerals","NA","2001","3.5646"
"Denmark","Gross Domestic Product Per Direct Material Input (2015 Ppp)","Non-Metallic Minerals","NA","2002","3.6989"
"Denmark","Gross Domestic Product Per Direct Material Input (2015 Ppp)","Non-Metallic Minerals","NA","2003","3.8119"
"Denmark","Gross Domestic Product Per Direct Material Input (2015 Ppp)","Non-Metallic Minerals","NA","2004","3.477"
"Denmark","Gross Domestic Product Per Direct Material Input (2015 Ppp)","Non-Metallic Minerals","NA","2005","3.0394"
"Denmark","Gross Domestic Product Per Direct Material Input (2015 Ppp)","Non-Metallic Minerals","NA","2006","3.0165"
"Denmark","Gross Domestic Product Per Direct Material Input (2015 Ppp)","Non-Metallic Minerals","NA","2007","3.1225"
"Denmark","Gross Domestic Product Per Direct Material Input (2015 Ppp)","Non-Metallic Minerals","NA","2008","3.5483"
"Denmark","Gross Domestic Product Per Direct Material Input (2015 Ppp)","Non-Metallic Minerals","NA","2009","4.5854"
"Denmark","Gross Domestic Product Per Direct Material Input (2015 Ppp)","Non-Metallic Minerals","NA","2010","4.8171"
"Denmark","Gross Domestic Product Per Direct Material Input (2015 Ppp)","Non-Metallic Minerals","NA","2011","4.0015"
"Denmark","Gross Domestic Product Per Direct Material Input (2015 Ppp)","Non-Metallic Minerals","NA","2012","3.9193"
"Denmark","Gross Domestic Product Per Direct Material Input (2015 Ppp)","Non-Metallic Minerals","NA","2013","4.4059"
"Denmark","Gross Domestic Product Per Direct Material Input (2015 Ppp)","Non-Metallic Minerals","NA","2014","4.3572"
"Denmark","Gross Domestic Product Per Direct Material Input (2015 Ppp)","Non-Metallic Minerals","NA","2015","4.0486"
"Denmark","Gross Domestic Product Per Direct Material Input (2015 Ppp)","Non-Metallic Minerals","NA","2016","3.9386"
"Denmark","Gross Domestic Product Per Direct Material Input (2015 Ppp)","Non-Metallic Minerals","NA","2017","3.9227"
"Denmark","Gross Domestic Product Per Direct Material Input (2015 Ppp)","Non-Metallic Minerals","NA","2018","3.8379"
"Denmark","Gross Domestic Product Per Direct Material Input (2015 Ppp)","Non-Metallic Minerals","NA","2019","3.9194"
"Denmark","Gross Domestic Product Per Direct Material Input (2015 Ppp)","Non-Metallic Minerals","NA","2020","3.8349"
"Denmark","Gross Domestic Product Per Direct Material Input (2015 Ppp)","Metals","NA","1993","58.1485"
"Denmark","Gross Domestic Product Per Direct Material Input (2015 Ppp)","Metals","NA","1994","48.9242"
"Denmark","Gross Domestic Product Per Direct Material Input (2015 Ppp)","Metals","NA","1995","46.8927"
"Denmark","Gross Domestic Product Per Direct Material Input (2015 Ppp)","Metals","NA","1996","52.3107"
"Denmark","Gross Domestic Product Per Direct Material Input (2015 Ppp)","Metals","NA","1997","44.5608"
"Denmark","Gross Domestic Product Per Direct Material Input (2015 Ppp)","Metals","NA","1998","43.4209"
"Denmark","Gross Domestic Product Per Direct Material Input (2015 Ppp)","Metals","NA","1999","47.5808"
"Denmark","Gross Domestic Product Per Direct Material Input (2015 Ppp)","Metals","NA","2000","43.1831"
"Denmark","Gross Domestic Product Per Direct Material Input (2015 Ppp)","Metals","NA","2001","42.513"
"Denmark","Gross Domestic Product Per Direct Material Input (2015 Ppp)","Metals","NA","2002","44.2026"
"Denmark","Gross Domestic Product Per Direct Material Input (2015 Ppp)","Metals","NA","2003","41.6708"
"Denmark","Gross Domestic Product Per Direct Material Input (2015 Ppp)","Metals","NA","2004","37.511"
"Denmark","Gross Domestic Product Per Direct Material Input (2015 Ppp)","Metals","NA","2005","38.3532"
"Denmark","Gross Domestic Product Per Direct Material Input (2015 Ppp)","Metals","NA","2006","34.9865"
"Denmark","Gross Domestic Product Per Direct Material Input (2015 Ppp)","Metals","NA","2007","34.9881"
"Denmark","Gross Domestic Product Per Direct Material Input (2015 Ppp)","Metals","NA","2008","32.3475"
"Denmark","Gross Domestic Product Per Direct Material Input (2015 Ppp)","Metals","NA","2009","54.638"
"Denmark","Gross Domestic Product Per Direct Material Input (2015 Ppp)","Metals","NA","2010","51.5013"
"Denmark","Gross Domestic Product Per Direct Material Input (2015 Ppp)","Metals","NA","2011","47.3953"
"Denmark","Gross Domestic Product Per Direct Material Input (2015 Ppp)","Metals","NA","2012","50.3336"
"Denmark","Gross Domestic Product Per Direct Material Input (2015 Ppp)","Metals","NA","2013","46.4343"
"Denmark","Gross Domestic Product Per Direct Material Input (2015 Ppp)","Metals","NA","2014","45.6925"
"Denmark","Gross Domestic Product Per Direct Material Input (2015 Ppp)","Metals","NA","2015","49.9641"
"Denmark","Gross Domestic Product Per Direct Material Input (2015 Ppp)","Metals","NA","2016","49.5387"
"Denmark","Gross Domestic Product Per Direct Material Input (2015 Ppp)","Metals","NA","2017","49.1912"
"Denmark","Gross Domestic Product Per Direct Material Input (2015 Ppp)","Metals","NA","2018","49.0613"
"Denmark","Gross Domestic Product Per Direct Material Input (2015 Ppp)","Metals","NA","2019","48.5433"
"Denmark","Gross Domestic Product Per Direct Material Input (2015 Ppp)","Metals","NA","2020","46.6397"
"France","Gross Domestic Product Per Direct Material Input (2015 Ppp)","Construction Minerals","NA","1990","4.181"
"France","Gross Domestic Product Per Direct Material Input (2015 Ppp)","Construction Minerals","NA","1991","4.1524"
"France","Gross Domestic Product Per Direct Material Input (2015 Ppp)","Construction Minerals","NA","1992","4.5381"
"France","Gross Domestic Product Per Direct Material Input (2015 Ppp)","Construction Minerals","NA","1993","4.8361"
"France","Gross Domestic Product Per Direct Material Input (2015 Ppp)","Construction Minerals","NA","1994","4.6626"
"France","Gross Domestic Product Per Direct Material Input (2015 Ppp)","Construction Minerals","NA","1995","4.7684"
"France","Gross Domestic Product Per Direct Material Input (2015 Ppp)","Construction Minerals","NA","1996","5.2146"
"France","Gross Domestic Product Per Direct Material Input (2015 Ppp)","Construction Minerals","NA","1997","5.1913"
"France","Gross Domestic Product Per Direct Material Input (2015 Ppp)","Construction Minerals","NA","1998","5.2127"
"France","Gross Domestic Product Per Direct Material Input (2015 Ppp)","Construction Minerals","NA","1999","5.138"
"France","Gross Domestic Product Per Direct Material Input (2015 Ppp)","Construction Minerals","NA","2000","5.044"
"France","Gross Domestic Product Per Direct Material Input (2015 Ppp)","Construction Minerals","NA","2001","5.2039"
"France","Gross Domestic Product Per Direct Material Input (2015 Ppp)","Construction Minerals","NA","2002","5.4181"
"France","Gross Domestic Product Per Direct Material Input (2015 Ppp)","Construction Minerals","NA","2003","5.487"
"France","Gross Domestic Product Per Direct Material Input (2015 Ppp)","Construction Minerals","NA","2004","5.5057"
"France","Gross Domestic Product Per Direct Material Input (2015 Ppp)","Construction Minerals","NA","2005","5.6073"
"France","Gross Domestic Product Per Direct Material Input (2015 Ppp)","Construction Minerals","NA","2006","5.5296"
"France","Gross Domestic Product Per Direct Material Input (2015 Ppp)","Construction Minerals","NA","2007","5.4609"
"France","Gross Domestic Product Per Direct Material Input (2015 Ppp)","Construction Minerals","NA","2008","5.7553"
"France","Gross Domestic Product Per Direct Material Input (2015 Ppp)","Construction Minerals","NA","2009","6.4183"
"France","Gross Domestic Product Per Direct Material Input (2015 Ppp)","Construction Minerals","NA","2010","6.6977"
"France","Gross Domestic Product Per Direct Material Input (2015 Ppp)","Construction Minerals","NA","2011","6.4938"
"France","Gross Domestic Product Per Direct Material Input (2015 Ppp)","Construction Minerals","NA","2012","6.9518"
"France","Gross Domestic Product Per Direct Material Input (2015 Ppp)","Construction Minerals","NA","2013","6.9826"
"France","Gross Domestic Product Per Direct Material Input (2015 Ppp)","Construction Minerals","NA","2014","7.4612"
"France","Gross Domestic Product Per Direct Material Input (2015 Ppp)","Construction Minerals","NA","2015","7.9002"
"France","Gross Domestic Product Per Direct Material Input (2015 Ppp)","Construction Minerals","NA","2016","7.883"
"France","Gross Domestic Product Per Direct Material Input (2015 Ppp)","Construction Minerals","NA","2017","7.6967"
"France","Gross Domestic Product Per Direct Material Input (2015 Ppp)","Construction Minerals","NA","2018","7.4832"
"France","Gross Domestic Product Per Direct Material Input (2015 Ppp)","Construction Minerals","NA","2019","7.5948"
"France","Gross Domestic Product Per Direct Material Input (2015 Ppp)","Non-Metallic Minerals","NA","1990","3.8686"
"France","Gross Domestic Product Per Direct Material Input (2015 Ppp)","Non-Metallic Minerals","NA","1991","3.8626"
"France","Gross Domestic Product Per Direct Material Input (2015 Ppp)","Non-Metallic Minerals","NA","1992","4.2137"
"France","Gross Domestic Product Per Direct Material Input (2015 Ppp)","Non-Metallic Minerals","NA","1993","4.5265"
"France","Gross Domestic Product Per Direct Material Input (2015 Ppp)","Non-Metallic Minerals","NA","1994","4.3177"
"France","Gross Domestic Product Per Direct Material Input (2015 Ppp)","Non-Metallic Minerals","NA","1995","4.41"
"France","Gross Domestic Product Per Direct Material Input (2015 Ppp)","Non-Metallic Minerals","NA","1996","4.8177"
"France","Gross Domestic Product Per Direct Material Input (2015 Ppp)","Non-Metallic Minerals","NA","1997","4.7944"
"France","Gross Domestic Product Per Direct Material Input (2015 Ppp)","Non-Metallic Minerals","NA","1998","4.8184"
"France","Gross Domestic Product Per Direct Material Input (2015 Ppp)","Non-Metallic Minerals","NA","1999","4.7679"
"France","Gross Domestic Product Per Direct Material Input (2015 Ppp)","Non-Metallic Minerals","NA","2000","4.6888"
"France","Gross Domestic Product Per Direct Material Input (2015 Ppp)","Non-Metallic Minerals","NA","2001","4.8429"
"France","Gross Domestic Product Per Direct Material Input (2015 Ppp)","Non-Metallic Minerals","NA","2002","5.058"
"France","Gross Domestic Product Per Direct Material Input (2015 Ppp)","Non-Metallic Minerals","NA","2003","5.1063"
"France","Gross Domestic Product Per Direct Material Input (2015 Ppp)","Non-Metallic Minerals","NA","2004","5.1333"
"France","Gross Domestic Product Per Direct Material Input (2015 Ppp)","Non-Metallic Minerals","NA","2005","5.232"
"France","Gross Domestic Product Per Direct Material Input (2015 Ppp)","Non-Metallic Minerals","NA","2006","5.1822"
"France","Gross Domestic Product Per Direct Material Input (2015 Ppp)","Non-Metallic Minerals","NA","2007","5.1421"
"France","Gross Domestic Product Per Direct Material Input (2015 Ppp)","Non-Metallic Minerals","NA","2008","5.3949"
"France","Gross Domestic Product Per Direct Material Input (2015 Ppp)","Non-Metallic Minerals","NA","2009","6.0726"
"France","Gross Domestic Product Per Direct Material Input (2015 Ppp)","Non-Metallic Minerals","NA","2010","6.227"
"France","Gross Domestic Product Per Direct Material Input (2015 Ppp)","Non-Metallic Minerals","NA","2011","6.0436"
"France","Gross Domestic Product Per Direct Material Input (2015 Ppp)","Non-Metallic Minerals","NA","2012","6.4586"
"France","Gross Domestic Product Per Direct Material Input (2015 Ppp)","Non-Metallic Minerals","NA","2013","6.4563"
"France","Gross Domestic Product Per Direct Material Input (2015 Ppp)","Non-Metallic Minerals","NA","2014","6.8586"
"France","Gross Domestic Product Per Direct Material Input (2015 Ppp)","Non-Metallic Minerals","NA","2015","7.2385"
"France","Gross Domestic Product Per Direct Material Input (2015 Ppp)","Non-Metallic Minerals","NA","2016","7.2468"
"France","Gross Domestic Product Per Direct Material Input (2015 Ppp)","Non-Metallic Minerals","NA","2017","7.0913"
"France","Gross Domestic Product Per Direct Material Input (2015 Ppp)","Non-Metallic Minerals","NA","2018","6.9118"
"France","Gross Domestic Product Per Direct Material Input (2015 Ppp)","Non-Metallic Minerals","NA","2019","7.0041"
"France","Gross Domestic Product Per Direct Material Input (2015 Ppp)","Non-Metallic Minerals","NA","2020","7.1615"
"France","Gross Domestic Product Per Direct Material Input (2015 Ppp)","Metals","NA","1990","31.8295"
"France","Gross Domestic Product Per Direct Material Input (2015 Ppp)","Metals","NA","1991","34.2678"
"France","Gross Domestic Product Per Direct Material Input (2015 Ppp)","Metals","NA","1992","36.9094"
"France","Gross Domestic Product Per Direct Material Input (2015 Ppp)","Metals","NA","1993","42.1942"
"France","Gross Domestic Product Per Direct Material Input (2015 Ppp)","Metals","NA","1994","38.1449"
"France","Gross Domestic Product Per Direct Material Input (2015 Ppp)","Metals","NA","1995","36.8611"
"France","Gross Domestic Product Per Direct Material Input (2015 Ppp)","Metals","NA","1996","40.4368"
"France","Gross Domestic Product Per Direct Material Input (2015 Ppp)","Metals","NA","1997","38.9028"
"France","Gross Domestic Product Per Direct Material Input (2015 Ppp)","Metals","NA","1998","38.1551"
"France","Gross Domestic Product Per Direct Material Input (2015 Ppp)","Metals","NA","1999","38.4263"
"France","Gross Domestic Product Per Direct Material Input (2015 Ppp)","Metals","NA","2000","36.5359"
"France","Gross Domestic Product Per Direct Material Input (2015 Ppp)","Metals","NA","2001","40.1158"
"France","Gross Domestic Product Per Direct Material Input (2015 Ppp)","Metals","NA","2002","40.0158"
"France","Gross Domestic Product Per Direct Material Input (2015 Ppp)","Metals","NA","2003","40.6151"
"France","Gross Domestic Product Per Direct Material Input (2015 Ppp)","Metals","NA","2004","38.8412"
"France","Gross Domestic Product Per Direct Material Input (2015 Ppp)","Metals","NA","2005","41.4024"
"France","Gross Domestic Product Per Direct Material Input (2015 Ppp)","Metals","NA","2006","39.8629"
"France","Gross Domestic Product Per Direct Material Input (2015 Ppp)","Metals","NA","2007","39.2451"
"France","Gross Domestic Product Per Direct Material Input (2015 Ppp)","Metals","NA","2008","42.2694"
"France","Gross Domestic Product Per Direct Material Input (2015 Ppp)","Metals","NA","2009","66.4439"
"France","Gross Domestic Product Per Direct Material Input (2015 Ppp)","Metals","NA","2010","51.99"
"France","Gross Domestic Product Per Direct Material Input (2015 Ppp)","Metals","NA","2011","49.3353"
"France","Gross Domestic Product Per Direct Material Input (2015 Ppp)","Metals","NA","2012","51.8227"
"France","Gross Domestic Product Per Direct Material Input (2015 Ppp)","Metals","NA","2013","50.7888"
"France","Gross Domestic Product Per Direct Material Input (2015 Ppp)","Metals","NA","2014","48.8324"
"France","Gross Domestic Product Per Direct Material Input (2015 Ppp)","Metals","NA","2015","50.1967"
"France","Gross Domestic Product Per Direct Material Input (2015 Ppp)","Metals","NA","2016","51.7343"
"France","Gross Domestic Product Per Direct Material Input (2015 Ppp)","Metals","NA","2017","49.2907"
"France","Gross Domestic Product Per Direct Material Input (2015 Ppp)","Metals","NA","2018","49.5419"
"France","Gross Domestic Product Per Direct Material Input (2015 Ppp)","Metals","NA","2019","52.8528"
"France","Gross Domestic Product Per Direct Material Input (2015 Ppp)","Metals","NA","2020","57.2739"
"Germany","Gross Domestic Product Per Direct Material Input (2015 Ppp)","Construction Minerals","NA","2000","4.3587"
"Germany","Gross Domestic Product Per Direct Material Input (2015 Ppp)","Construction Minerals","NA","2001","4.872"
"Germany","Gross Domestic Product Per Direct Material Input (2015 Ppp)","Construction Minerals","NA","2002","5.0897"
"Germany","Gross Domestic Product Per Direct Material Input (2015 Ppp)","Construction Minerals","NA","2003","5.1158"
"Germany","Gross Domestic Product Per Direct Material Input (2015 Ppp)","Construction Minerals","NA","2004","5.3895"
"Germany","Gross Domestic Product Per Direct Material Input (2015 Ppp)","Construction Minerals","NA","2005","5.6525"
"Germany","Gross Domestic Product Per Direct Material Input (2015 Ppp)","Construction Minerals","NA","2006","5.508"
"Germany","Gross Domestic Product Per Direct Material Input (2015 Ppp)","Construction Minerals","NA","2007","5.8588"
"Germany","Gross Domestic Product Per Direct Material Input (2015 Ppp)","Construction Minerals","NA","2008","6.0008"
"Germany","Gross Domestic Product Per Direct Material Input (2015 Ppp)","Construction Minerals","NA","2009","6.0622"
"Germany","Gross Domestic Product Per Direct Material Input (2015 Ppp)","Construction Minerals","NA","2010","6.4214"
"Germany","Gross Domestic Product Per Direct Material Input (2015 Ppp)","Construction Minerals","NA","2011","6.0343"
"Germany","Gross Domestic Product Per Direct Material Input (2015 Ppp)","Construction Minerals","NA","2012","6.4348"
"Germany","Gross Domestic Product Per Direct Material Input (2015 Ppp)","Construction Minerals","NA","2013","6.4944"
"Germany","Gross Domestic Product Per Direct Material Input (2015 Ppp)","Construction Minerals","NA","2014","6.5387"
"Germany","Gross Domestic Product Per Direct Material Input (2015 Ppp)","Construction Minerals","NA","2015","6.9517"
"Germany","Gross Domestic Product Per Direct Material Input (2015 Ppp)","Construction Minerals","NA","2016","6.8529"
"Germany","Gross Domestic Product Per Direct Material Input (2015 Ppp)","Construction Minerals","NA","2017","6.7612"
"Germany","Gross Domestic Product Per Direct Material Input (2015 Ppp)","Construction Minerals","NA","2018","6.7944"
"Germany","Gross Domestic Product Per Direct Material Input (2015 Ppp)","Construction Minerals","NA","2019","7.0644"
"Germany","Gross Domestic Product Per Direct Material Input (2015 Ppp)","Construction Minerals","NA","2020","7.0014"
"Germany","Gross Domestic Product Per Direct Material Input (2015 Ppp)","Non-Metallic Minerals","NA","2000","4.0876"
"Germany","Gross Domestic Product Per Direct Material Input (2015 Ppp)","Non-Metallic Minerals","NA","2001","4.5554"
"Germany","Gross Domestic Product Per Direct Material Input (2015 Ppp)","Non-Metallic Minerals","NA","2002","4.7334"
"Germany","Gross Domestic Product Per Direct Material Input (2015 Ppp)","Non-Metallic Minerals","NA","2003","4.7515"
"Germany","Gross Domestic Product Per Direct Material Input (2015 Ppp)","Non-Metallic Minerals","NA","2004","4.9707"
"Germany","Gross Domestic Product Per Direct Material Input (2015 Ppp)","Non-Metallic Minerals","NA","2005","5.1917"
"Germany","Gross Domestic Product Per Direct Material Input (2015 Ppp)","Non-Metallic Minerals","NA","2006","5.0802"
"Germany","Gross Domestic Product Per Direct Material Input (2015 Ppp)","Non-Metallic Minerals","NA","2007","5.4128"
"Germany","Gross Domestic Product Per Direct Material Input (2015 Ppp)","Non-Metallic Minerals","NA","2008","5.5436"
"Germany","Gross Domestic Product Per Direct Material Input (2015 Ppp)","Non-Metallic Minerals","NA","2009","5.5994"
"Germany","Gross Domestic Product Per Direct Material Input (2015 Ppp)","Non-Metallic Minerals","NA","2010","5.8364"
"Germany","Gross Domestic Product Per Direct Material Input (2015 Ppp)","Non-Metallic Minerals","NA","2011","5.5254"
"Germany","Gross Domestic Product Per Direct Material Input (2015 Ppp)","Non-Metallic Minerals","NA","2012","5.9162"
"Germany","Gross Domestic Product Per Direct Material Input (2015 Ppp)","Non-Metallic Minerals","NA","2013","5.9485"
"Germany","Gross Domestic Product Per Direct Material Input (2015 Ppp)","Non-Metallic Minerals","NA","2014","6.1055"
"Germany","Gross Domestic Product Per Direct Material Input (2015 Ppp)","Non-Metallic Minerals","NA","2015","6.4564"
"Germany","Gross Domestic Product Per Direct Material Input (2015 Ppp)","Non-Metallic Minerals","NA","2016","6.3639"
"Germany","Gross Domestic Product Per Direct Material Input (2015 Ppp)","Non-Metallic Minerals","NA","2017","6.2803"
"Germany","Gross Domestic Product Per Direct Material Input (2015 Ppp)","Non-Metallic Minerals","NA","2018","6.3278"
"Germany","Gross Domestic Product Per Direct Material Input (2015 Ppp)","Non-Metallic Minerals","NA","2019","6.5748"
"Germany","Gross Domestic Product Per Direct Material Input (2015 Ppp)","Non-Metallic Minerals","NA","2020","6.4925"
"Germany","Gross Domestic Product Per Direct Material Input (2015 Ppp)","Metals","NA","2000","31.1725"
"Germany","Gross Domestic Product Per Direct Material Input (2015 Ppp)","Metals","NA","2001","34.3772"
"Germany","Gross Domestic Product Per Direct Material Input (2015 Ppp)","Metals","NA","2002","33.5652"
"Germany","Gross Domestic Product Per Direct Material Input (2015 Ppp)","Metals","NA","2003","33.8205"
"Germany","Gross Domestic Product Per Direct Material Input (2015 Ppp)","Metals","NA","2004","30.2085"
"Germany","Gross Domestic Product Per Direct Material Input (2015 Ppp)","Metals","NA","2005","31.5978"
"Germany","Gross Domestic Product Per Direct Material Input (2015 Ppp)","Metals","NA","2006","29.2181"
"Germany","Gross Domestic Product Per Direct Material Input (2015 Ppp)","Metals","NA","2007","27.7907"
"Germany","Gross Domestic Product Per Direct Material Input (2015 Ppp)","Metals","NA","2008","27.3339"
"Germany","Gross Domestic Product Per Direct Material Input (2015 Ppp)","Metals","NA","2009","37.6142"
"Germany","Gross Domestic Product Per Direct Material Input (2015 Ppp)","Metals","NA","2010","30.2607"
"Germany","Gross Domestic Product Per Direct Material Input (2015 Ppp)","Metals","NA","2011","28.7524"
"Germany","Gross Domestic Product Per Direct Material Input (2015 Ppp)","Metals","NA","2012","31.4242"
"Germany","Gross Domestic Product Per Direct Material Input (2015 Ppp)","Metals","NA","2013","31.1466"
"Germany","Gross Domestic Product Per Direct Material Input (2015 Ppp)","Metals","NA","2014","30.2285"
"Germany","Gross Domestic Product Per Direct Material Input (2015 Ppp)","Metals","NA","2015","30.4929"
"Germany","Gross Domestic Product Per Direct Material Input (2015 Ppp)","Metals","NA","2016","32.0643"
"Germany","Gross Domestic Product Per Direct Material Input (2015 Ppp)","Metals","NA","2017","31.5802"
"Germany","Gross Domestic Product Per Direct Material Input (2015 Ppp)","Metals","NA","2018","32.0678"
"Germany","Gross Domestic Product Per Direct Material Input (2015 Ppp)","Metals","NA","2019","34.1755"
"Germany","Gross Domestic Product Per Direct Material Input (2015 Ppp)","Metals","NA","2020","37.0942"
"Ireland","Gross Domestic Product Per Direct Material Input (2015 Ppp)","Construction Minerals","NA","1994","3.52"
"Ireland","Gross Domestic Product Per Direct Material Input (2015 Ppp)","Construction Minerals","NA","1995","4.0857"
"Ireland","Gross Domestic Product Per Direct Material Input (2015 Ppp)","Construction Minerals","NA","1996","3.5257"
"Ireland","Gross Domestic Product Per Direct Material Input (2015 Ppp)","Construction Minerals","NA","1997","3.4562"
"Ireland","Gross Domestic Product Per Direct Material Input (2015 Ppp)","Construction Minerals","NA","1998","3.0949"
"Ireland","Gross Domestic Product Per Direct Material Input (2015 Ppp)","Construction Minerals","NA","1999","2.9406"
"Ireland","Gross Domestic Product Per Direct Material Input (2015 Ppp)","Construction Minerals","NA","2000","2.7304"
"Ireland","Gross Domestic Product Per Direct Material Input (2015 Ppp)","Construction Minerals","NA","2001","2.7959"
"Ireland","Gross Domestic Product Per Direct Material Input (2015 Ppp)","Construction Minerals","NA","2002","2.8213"
"Ireland","Gross Domestic Product Per Direct Material Input (2015 Ppp)","Construction Minerals","NA","2003","2.4609"
"Ireland","Gross Domestic Product Per Direct Material Input (2015 Ppp)","Construction Minerals","NA","2004","2.3145"
"Ireland","Gross Domestic Product Per Direct Material Input (2015 Ppp)","Construction Minerals","NA","2005","2.3691"
"Ireland","Gross Domestic Product Per Direct Material Input (2015 Ppp)","Construction Minerals","NA","2006","2.1761"
"Ireland","Gross Domestic Product Per Direct Material Input (2015 Ppp)","Construction Minerals","NA","2007","2.2096"
"Ireland","Gross Domestic Product Per Direct Material Input (2015 Ppp)","Construction Minerals","NA","2008","2.603"
"Ireland","Gross Domestic Product Per Direct Material Input (2015 Ppp)","Construction Minerals","NA","2009","3.9143"
"Ireland","Gross Domestic Product Per Direct Material Input (2015 Ppp)","Construction Minerals","NA","2010","5.9845"
"Ireland","Gross Domestic Product Per Direct Material Input (2015 Ppp)","Construction Minerals","NA","2011","8.7641"
"Ireland","Gross Domestic Product Per Direct Material Input (2015 Ppp)","Construction Minerals","NA","2012","7.4714"
"Ireland","Gross Domestic Product Per Direct Material Input (2015 Ppp)","Construction Minerals","NA","2013","7.9056"
"Ireland","Gross Domestic Product Per Direct Material Input (2015 Ppp)","Construction Minerals","NA","2014","8.3945"
"Ireland","Gross Domestic Product Per Direct Material Input (2015 Ppp)","Construction Minerals","NA","2015","9.2649"
"Ireland","Gross Domestic Product Per Direct Material Input (2015 Ppp)","Construction Minerals","NA","2016","7.6246"
"Ireland","Gross Domestic Product Per Direct Material Input (2015 Ppp)","Construction Minerals","NA","2017","7.6199"
"Ireland","Gross Domestic Product Per Direct Material Input (2015 Ppp)","Construction Minerals","NA","2018","7.5356"
"Ireland","Gross Domestic Product Per Direct Material Input (2015 Ppp)","Construction Minerals","NA","2019","6.9226"
"Ireland","Gross Domestic Product Per Direct Material Input (2015 Ppp)","Construction Minerals","NA","2020","8.3287"
"Ireland","Gross Domestic Product Per Direct Material Input (2015 Ppp)","Non-Metallic Minerals","NA","1994","3.2709"
"Ireland","Gross Domestic Product Per Direct Material Input (2015 Ppp)","Non-Metallic Minerals","NA","1995","3.7259"
"Ireland","Gross Domestic Product Per Direct Material Input (2015 Ppp)","Non-Metallic Minerals","NA","1996","3.2658"
"Ireland","Gross Domestic Product Per Direct Material Input (2015 Ppp)","Non-Metallic Minerals","NA","1997","3.2337"
"Ireland","Gross Domestic Product Per Direct Material Input (2015 Ppp)","Non-Metallic Minerals","NA","1998","2.9252"
"Ireland","Gross Domestic Product Per Direct Material Input (2015 Ppp)","Non-Metallic Minerals","NA","1999","2.7852"
"Ireland","Gross Domestic Product Per Direct Material Input (2015 Ppp)","Non-Metallic Minerals","NA","2000","2.5998"
"Ireland","Gross Domestic Product Per Direct Material Input (2015 Ppp)","Non-Metallic Minerals","NA","2001","2.6802"
"Ireland","Gross Domestic Product Per Direct Material Input (2015 Ppp)","Non-Metallic Minerals","NA","2002","2.715"
"Ireland","Gross Domestic Product Per Direct Material Input (2015 Ppp)","Non-Metallic Minerals","NA","2003","2.3685"
"Ireland","Gross Domestic Product Per Direct Material Input (2015 Ppp)","Non-Metallic Minerals","NA","2004","2.2298"
"Ireland","Gross Domestic Product Per Direct Material Input (2015 Ppp)","Non-Metallic Minerals","NA","2005","2.2802"
"Ireland","Gross Domestic Product Per Direct Material Input (2015 Ppp)","Non-Metallic Minerals","NA","2006","2.0879"
"Ireland","Gross Domestic Product Per Direct Material Input (2015 Ppp)","Non-Metallic Minerals","NA","2007","2.1247"
"Ireland","Gross Domestic Product Per Direct Material Input (2015 Ppp)","Non-Metallic Minerals","NA","2008","2.5032"
"Ireland","Gross Domestic Product Per Direct Material Input (2015 Ppp)","Non-Metallic Minerals","NA","2009","3.7519"
"Ireland","Gross Domestic Product Per Direct Material Input (2015 Ppp)","Non-Metallic Minerals","NA","2010","5.575"
"Ireland","Gross Domestic Product Per Direct Material Input (2015 Ppp)","Non-Metallic Minerals","NA","2011","7.9467"
"Ireland","Gross Domestic Product Per Direct Material Input (2015 Ppp)","Non-Metallic Minerals","NA","2012","6.9501"
"Ireland","Gross Domestic Product Per Direct Material Input (2015 Ppp)","Non-Metallic Minerals","NA","2013","7.2639"
"Ireland","Gross Domestic Product Per Direct Material Input (2015 Ppp)","Non-Metallic Minerals","NA","2014","7.7844"
"Ireland","Gross Domestic Product Per Direct Material Input (2015 Ppp)","Non-Metallic Minerals","NA","2015","8.6014"
"Ireland","Gross Domestic Product Per Direct Material Input (2015 Ppp)","Non-Metallic Minerals","NA","2016","7.1879"
"Ireland","Gross Domestic Product Per Direct Material Input (2015 Ppp)","Non-Metallic Minerals","NA","2017","7.1428"
"Ireland","Gross Domestic Product Per Direct Material Input (2015 Ppp)","Non-Metallic Minerals","NA","2018","7.0173"
"Ireland","Gross Domestic Product Per Direct Material Input (2015 Ppp)","Non-Metallic Minerals","NA","2019","6.5501"
"Ireland","Gross Domestic Product Per Direct Material Input (2015 Ppp)","Non-Metallic Minerals","NA","2020","7.8046"
"Ireland","Gross Domestic Product Per Direct Material Input (2015 Ppp)","Metals","NA","1994","15.6582"
"Ireland","Gross Domestic Product Per Direct Material Input (2015 Ppp)","Metals","NA","1995","15.6926"
"Ireland","Gross Domestic Product Per Direct Material Input (2015 Ppp)","Metals","NA","1996","17.1103"
"Ireland","Gross Domestic Product Per Direct Material Input (2015 Ppp)","Metals","NA","1997","17.7282"
"Ireland","Gross Domestic Product Per Direct Material Input (2015 Ppp)","Metals","NA","1998","16.7576"
"Ireland","Gross Domestic Product Per Direct Material Input (2015 Ppp)","Metals","NA","1999","18.8002"
"Ireland","Gross Domestic Product Per Direct Material Input (2015 Ppp)","Metals","NA","2000","18.5492"
"Ireland","Gross Domestic Product Per Direct Material Input (2015 Ppp)","Metals","NA","2001","19.4806"
"Ireland","Gross Domestic Product Per Direct Material Input (2015 Ppp)","Metals","NA","2002","21.3451"
"Ireland","Gross Domestic Product Per Direct Material Input (2015 Ppp)","Metals","NA","2003","18.9773"
"Ireland","Gross Domestic Product Per Direct Material Input (2015 Ppp)","Metals","NA","2004","19.5024"
"Ireland","Gross Domestic Product Per Direct Material Input (2015 Ppp)","Metals","NA","2005","20.3807"
"Ireland","Gross Domestic Product Per Direct Material Input (2015 Ppp)","Metals","NA","2006","20.5781"
"Ireland","Gross Domestic Product Per Direct Material Input (2015 Ppp)","Metals","NA","2007","20.7077"
"Ireland","Gross Domestic Product Per Direct Material Input (2015 Ppp)","Metals","NA","2008","22.2787"
"Ireland","Gross Domestic Product Per Direct Material Input (2015 Ppp)","Metals","NA","2009","26.4444"
"Ireland","Gross Domestic Product Per Direct Material Input (2015 Ppp)","Metals","NA","2010","22.7686"
"Ireland","Gross Domestic Product Per Direct Material Input (2015 Ppp)","Metals","NA","2011","23.4691"
"Ireland","Gross Domestic Product Per Direct Material Input (2015 Ppp)","Metals","NA","2012","23.2868"
"Ireland","Gross Domestic Product Per Direct Material Input (2015 Ppp)","Metals","NA","2013","24.1471"
"Ireland","Gross Domestic Product Per Direct Material Input (2015 Ppp)","Metals","NA","2014","26.1829"
"Ireland","Gross Domestic Product Per Direct Material Input (2015 Ppp)","Metals","NA","2015","31.9142"
"Ireland","Gross Domestic Product Per Direct Material Input (2015 Ppp)","Metals","NA","2016","34.8741"
"Ireland","Gross Domestic Product Per Direct Material Input (2015 Ppp)","Metals","NA","2017","38.4568"
"Ireland","Gross Domestic Product Per Direct Material Input (2015 Ppp)","Metals","NA","2018","42.3273"
"Ireland","Gross Domestic Product Per Direct Material Input (2015 Ppp)","Metals","NA","2019","40.7378"
"Ireland","Gross Domestic Product Per Direct Material Input (2015 Ppp)","Metals","NA","2020","45.2094"
"Italy","Gross Domestic Product Per Direct Material Input (2015 Ppp)","Construction Minerals","NA","1991","4.7839"
"Italy","Gross Domestic Product Per Direct Material Input (2015 Ppp)","Construction Minerals","NA","1992","4.8391"
"Italy","Gross Domestic Product Per Direct Material Input (2015 Ppp)","Construction Minerals","NA","1993","5.3801"
"Italy","Gross Domestic Product Per Direct Material Input (2015 Ppp)","Construction Minerals","NA","1994","5.7315"
"Italy","Gross Domestic Product Per Direct Material Input (2015 Ppp)","Construction Minerals","NA","1995","5.5897"
"Italy","Gross Domestic Product Per Direct Material Input (2015 Ppp)","Construction Minerals","NA","1996","5.6285"
"Italy","Gross Domestic Product Per Direct Material Input (2015 Ppp)","Construction Minerals","NA","1997","5.8289"
"Italy","Gross Domestic Product Per Direct Material Input (2015 Ppp)","Construction Minerals","NA","1998","5.4634"
"Italy","Gross Domestic Product Per Direct Material Input (2015 Ppp)","Construction Minerals","NA","1999","5.0196"
"Italy","Gross Domestic Product Per Direct Material Input (2015 Ppp)","Construction Minerals","NA","2000","5.6174"
"Italy","Gross Domestic Product Per Direct Material Input (2015 Ppp)","Construction Minerals","NA","2001","5.4663"
"Italy","Gross Domestic Product Per Direct Material Input (2015 Ppp)","Construction Minerals","NA","2002","5.1502"
"Italy","Gross Domestic Product Per Direct Material Input (2015 Ppp)","Construction Minerals","NA","2003","5.1594"
"Italy","Gross Domestic Product Per Direct Material Input (2015 Ppp)","Construction Minerals","NA","2004","5.2024"
"Italy","Gross Domestic Product Per Direct Material Input (2015 Ppp)","Construction Minerals","NA","2005","5.135"
"Italy","Gross Domestic Product Per Direct Material Input (2015 Ppp)","Construction Minerals","NA","2006","5.0246"
"Italy","Gross Domestic Product Per Direct Material Input (2015 Ppp)","Construction Minerals","NA","2007","5.1145"
"Italy","Gross Domestic Product Per Direct Material Input (2015 Ppp)","Construction Minerals","NA","2008","5.4128"
"Italy","Gross Domestic Product Per Direct Material Input (2015 Ppp)","Construction Minerals","NA","2009","5.8024"
"Italy","Gross Domestic Product Per Direct Material Input (2015 Ppp)","Construction Minerals","NA","2010","6.5535"
"Italy","Gross Domestic Product Per Direct Material Input (2015 Ppp)","Construction Minerals","NA","2011","6.3015"
"Italy","Gross Domestic Product Per Direct Material Input (2015 Ppp)","Construction Minerals","NA","2012","7.4648"
"Italy","Gross Domestic Product Per Direct Material Input (2015 Ppp)","Construction Minerals","NA","2013","9.7175"
"Italy","Gross Domestic Product Per Direct Material Input (2015 Ppp)","Construction Minerals","NA","2014","10.6098"
"Italy","Gross Domestic Product Per Direct Material Input (2015 Ppp)","Construction Minerals","NA","2015","10.9612"
"Italy","Gross Domestic Product Per Direct Material Input (2015 Ppp)","Construction Minerals","NA","2016","11.0274"
"Italy","Gross Domestic Product Per Direct Material Input (2015 Ppp)","Construction Minerals","NA","2017","11.3658"
"Italy","Gross Domestic Product Per Direct Material Input (2015 Ppp)","Construction Minerals","NA","2018","11.3922"
"Italy","Gross Domestic Product Per Direct Material Input (2015 Ppp)","Construction Minerals","NA","2019","10.9203"
"Italy","Gross Domestic Product Per Direct Material Input (2015 Ppp)","Construction Minerals","NA","2020","10.5789"
"Italy","Gross Domestic Product Per Direct Material Input (2015 Ppp)","Non-Metallic Minerals","NA","1991","4.5932"
"Italy","Gross Domestic Product Per Direct Material Input (2015 Ppp)","Non-Metallic Minerals","NA","1992","4.63"
"Italy","Gross Domestic Product Per Direct Material Input (2015 Ppp)","Non-Metallic Minerals","NA","1993","5.1407"
"Italy","Gross Domestic Product Per Direct Material Input (2015 Ppp)","Non-Metallic Minerals","NA","1994","5.4686"
"Italy","Gross Domestic Product Per Direct Material Input (2015 Ppp)","Non-Metallic Minerals","NA","1995","5.3544"
"Italy","Gross Domestic Product Per Direct Material Input (2015 Ppp)","Non-Metallic Minerals","NA","1996","5.3996"
"Italy","Gross Domestic Product Per Direct Material Input (2015 Ppp)","Non-Metallic Minerals","NA","1997","5.5694"
"Italy","Gross Domestic Product Per Direct Material Input (2015 Ppp)","Non-Metallic Minerals","NA","1998","5.2371"
"Italy","Gross Domestic Product Per Direct Material Input (2015 Ppp)","Non-Metallic Minerals","NA","1999","4.8151"
"Italy","Gross Domestic Product Per Direct Material Input (2015 Ppp)","Non-Metallic Minerals","NA","2000","5.3528"
"Italy","Gross Domestic Product Per Direct Material Input (2015 Ppp)","Non-Metallic Minerals","NA","2001","5.1996"
"Italy","Gross Domestic Product Per Direct Material Input (2015 Ppp)","Non-Metallic Minerals","NA","2002","4.8857"
"Italy","Gross Domestic Product Per Direct Material Input (2015 Ppp)","Non-Metallic Minerals","NA","2003","4.8862"
"Italy","Gross Domestic Product Per Direct Material Input (2015 Ppp)","Non-Metallic Minerals","NA","2004","4.9395"
"Italy","Gross Domestic Product Per Direct Material Input (2015 Ppp)","Non-Metallic Minerals","NA","2005","4.8831"
"Italy","Gross Domestic Product Per Direct Material Input (2015 Ppp)","Non-Metallic Minerals","NA","2006","4.7773"
"Italy","Gross Domestic Product Per Direct Material Input (2015 Ppp)","Non-Metallic Minerals","NA","2007","4.8823"
"Italy","Gross Domestic Product Per Direct Material Input (2015 Ppp)","Non-Metallic Minerals","NA","2008","5.1164"
"Italy","Gross Domestic Product Per Direct Material Input (2015 Ppp)","Non-Metallic Minerals","NA","2009","5.4026"
"Italy","Gross Domestic Product Per Direct Material Input (2015 Ppp)","Non-Metallic Minerals","NA","2010","6.0532"
"Italy","Gross Domestic Product Per Direct Material Input (2015 Ppp)","Non-Metallic Minerals","NA","2011","5.9105"
"Italy","Gross Domestic Product Per Direct Material Input (2015 Ppp)","Non-Metallic Minerals","NA","2012","6.9741"
"Italy","Gross Domestic Product Per Direct Material Input (2015 Ppp)","Non-Metallic Minerals","NA","2013","8.9536"
"Italy","Gross Domestic Product Per Direct Material Input (2015 Ppp)","Non-Metallic Minerals","NA","2014","9.4165"
"Italy","Gross Domestic Product Per Direct Material Input (2015 Ppp)","Non-Metallic Minerals","NA","2015","9.8551"
"Italy","Gross Domestic Product Per Direct Material Input (2015 Ppp)","Non-Metallic Minerals","NA","2016","9.8527"
"Italy","Gross Domestic Product Per Direct Material Input (2015 Ppp)","Non-Metallic Minerals","NA","2017","10.1917"
"Italy","Gross Domestic Product Per Direct Material Input (2015 Ppp)","Non-Metallic Minerals","NA","2018","10.1544"
"Italy","Gross Domestic Product Per Direct Material Input (2015 Ppp)","Non-Metallic Minerals","NA","2019","9.7675"
"Italy","Gross Domestic Product Per Direct Material Input (2015 Ppp)","Non-Metallic Minerals","NA","2020","9.4774"
"Italy","Gross Domestic Product Per Direct Material Input (2015 Ppp)","Metals","NA","1991","42.6974"
"Italy","Gross Domestic Product Per Direct Material Input (2015 Ppp)","Metals","NA","1992","44.7873"
"Italy","Gross Domestic Product Per Direct Material Input (2015 Ppp)","Metals","NA","1993","47.4954"
"Italy","Gross Domestic Product Per Direct Material Input (2015 Ppp)","Metals","NA","1994","43.3984"
"Italy","Gross Domestic Product Per Direct Material Input (2015 Ppp)","Metals","NA","1995","39.0507"
"Italy","Gross Domestic Product Per Direct Material Input (2015 Ppp)","Metals","NA","1996","45.4419"
"Italy","Gross Domestic Product Per Direct Material Input (2015 Ppp)","Metals","NA","1997","43.1311"
"Italy","Gross Domestic Product Per Direct Material Input (2015 Ppp)","Metals","NA","1998","40.559"
"Italy","Gross Domestic Product Per Direct Material Input (2015 Ppp)","Metals","NA","1999","41.4932"
"Italy","Gross Domestic Product Per Direct Material Input (2015 Ppp)","Metals","NA","2000","39.8708"
"Italy","Gross Domestic Product Per Direct Material Input (2015 Ppp)","Metals","NA","2001","41.3971"
"Italy","Gross Domestic Product Per Direct Material Input (2015 Ppp)","Metals","NA","2002","42.7752"
"Italy","Gross Domestic Product Per Direct Material Input (2015 Ppp)","Metals","NA","2003","40.7259"
"Italy","Gross Domestic Product Per Direct Material Input (2015 Ppp)","Metals","NA","2004","37.9221"
"Italy","Gross Domestic Product Per Direct Material Input (2015 Ppp)","Metals","NA","2005","38.2339"
"Italy","Gross Domestic Product Per Direct Material Input (2015 Ppp)","Metals","NA","2006","34.376"
"Italy","Gross Domestic Product Per Direct Material Input (2015 Ppp)","Metals","NA","2007","34.0741"
"Italy","Gross Domestic Product Per Direct Material Input (2015 Ppp)","Metals","NA","2008","35.1457"
"Italy","Gross Domestic Product Per Direct Material Input (2015 Ppp)","Metals","NA","2009","57.5076"
"Italy","Gross Domestic Product Per Direct Material Input (2015 Ppp)","Metals","NA","2010","42.8866"
"Italy","Gross Domestic Product Per Direct Material Input (2015 Ppp)","Metals","NA","2011","39.5938"
"Italy","Gross Domestic Product Per Direct Material Input (2015 Ppp)","Metals","NA","2012","44.6057"
"Italy","Gross Domestic Product Per Direct Material Input (2015 Ppp)","Metals","NA","2013","44.3094"
"Italy","Gross Domestic Product Per Direct Material Input (2015 Ppp)","Metals","NA","2014","43.969"
"Italy","Gross Domestic Product Per Direct Material Input (2015 Ppp)","Metals","NA","2015","42.716"
"Italy","Gross Domestic Product Per Direct Material Input (2015 Ppp)","Metals","NA","2016","42.9818"
"Italy","Gross Domestic Product Per Direct Material Input (2015 Ppp)","Metals","NA","2017","43.0995"
"Italy","Gross Domestic Product Per Direct Material Input (2015 Ppp)","Metals","NA","2018","41.924"
"Italy","Gross Domestic Product Per Direct Material Input (2015 Ppp)","Metals","NA","2019","44.2815"
"Italy","Gross Domestic Product Per Direct Material Input (2015 Ppp)","Metals","NA","2020","49.0899"
"Netherlands","Gross Domestic Product Per Direct Material Input (2015 Ppp)","Construction Minerals","NA","1996","9.2909"
"Netherlands","Gross Domestic Product Per Direct Material Input (2015 Ppp)","Construction Minerals","NA","1997","9.0239"
"Netherlands","Gross Domestic Product Per Direct Material Input (2015 Ppp)","Construction Minerals","NA","1998","9.5294"
"Netherlands","Gross Domestic Product Per Direct Material Input (2015 Ppp)","Construction Minerals","NA","1999","10.0417"
"Netherlands","Gross Domestic Product Per Direct Material Input (2015 Ppp)","Construction Minerals","NA","2000","9.8474"
"Netherlands","Gross Domestic Product Per Direct Material Input (2015 Ppp)","Construction Minerals","NA","2001","10.3002"
"Netherlands","Gross Domestic Product Per Direct Material Input (2015 Ppp)","Construction Minerals","NA","2002","11.4504"
"Netherlands","Gross Domestic Product Per Direct Material Input (2015 Ppp)","Construction Minerals","NA","2003","12.4"
"Netherlands","Gross Domestic Product Per Direct Material Input (2015 Ppp)","Construction Minerals","NA","2004","11.9355"
"Netherlands","Gross Domestic Product Per Direct Material Input (2015 Ppp)","Construction Minerals","NA","2005","11.9098"
"Netherlands","Gross Domestic Product Per Direct Material Input (2015 Ppp)","Construction Minerals","NA","2006","11.2076"
"Netherlands","Gross Domestic Product Per Direct Material Input (2015 Ppp)","Construction Minerals","NA","2007","11.5695"
"Netherlands","Gross Domestic Product Per Direct Material Input (2015 Ppp)","Construction Minerals","NA","2008","11.7265"
"Netherlands","Gross Domestic Product Per Direct Material Input (2015 Ppp)","Construction Minerals","NA","2009","12.3893"
"Netherlands","Gross Domestic Product Per Direct Material Input (2015 Ppp)","Construction Minerals","NA","2010","12.7343"
"Netherlands","Gross Domestic Product Per Direct Material Input (2015 Ppp)","Construction Minerals","NA","2011","12.8648"
"Netherlands","Gross Domestic Product Per Direct Material Input (2015 Ppp)","Construction Minerals","NA","2012","14.7981"
"Netherlands","Gross Domestic Product Per Direct Material Input (2015 Ppp)","Construction Minerals","NA","2013","15.8203"
"Netherlands","Gross Domestic Product Per Direct Material Input (2015 Ppp)","Construction Minerals","NA","2014","14.6352"
"Netherlands","Gross Domestic Product Per Direct Material Input (2015 Ppp)","Construction Minerals","NA","2015","16.7758"
"Netherlands","Gross Domestic Product Per Direct Material Input (2015 Ppp)","Construction Minerals","NA","2016","16.3877"
"Netherlands","Gross Domestic Product Per Direct Material Input (2015 Ppp)","Construction Minerals","NA","2017","17.941"
"Netherlands","Gross Domestic Product Per Direct Material Input (2015 Ppp)","Construction Minerals","NA","2018","16.8616"
"Netherlands","Gross Domestic Product Per Direct Material Input (2015 Ppp)","Construction Minerals","NA","2019","17.2151"
"Netherlands","Gross Domestic Product Per Direct Material Input (2015 Ppp)","Non-Metallic Minerals","NA","1996","7.0961"
"Netherlands","Gross Domestic Product Per Direct Material Input (2015 Ppp)","Non-Metallic Minerals","NA","1997","6.9805"
"Netherlands","Gross Domestic Product Per Direct Material Input (2015 Ppp)","Non-Metallic Minerals","NA","1998","7.3438"
"Netherlands","Gross Domestic Product Per Direct Material Input (2015 Ppp)","Non-Metallic Minerals","NA","1999","7.7022"
"Netherlands","Gross Domestic Product Per Direct Material Input (2015 Ppp)","Non-Metallic Minerals","NA","2000","7.6979"
"Netherlands","Gross Domestic Product Per Direct Material Input (2015 Ppp)","Non-Metallic Minerals","NA","2001","7.9967"
"Netherlands","Gross Domestic Product Per Direct Material Input (2015 Ppp)","Non-Metallic Minerals","NA","2002","8.7013"
"Netherlands","Gross Domestic Product Per Direct Material Input (2015 Ppp)","Non-Metallic Minerals","NA","2003","9.059"
"Netherlands","Gross Domestic Product Per Direct Material Input (2015 Ppp)","Non-Metallic Minerals","NA","2004","8.9801"
"Netherlands","Gross Domestic Product Per Direct Material Input (2015 Ppp)","Non-Metallic Minerals","NA","2005","8.8501"
"Netherlands","Gross Domestic Product Per Direct Material Input (2015 Ppp)","Non-Metallic Minerals","NA","2006","8.1486"
"Netherlands","Gross Domestic Product Per Direct Material Input (2015 Ppp)","Non-Metallic Minerals","NA","2007","8.5985"
"Netherlands","Gross Domestic Product Per Direct Material Input (2015 Ppp)","Non-Metallic Minerals","NA","2008","8.7533"
"Netherlands","Gross Domestic Product Per Direct Material Input (2015 Ppp)","Non-Metallic Minerals","NA","2009","9.4895"
"Netherlands","Gross Domestic Product Per Direct Material Input (2015 Ppp)","Non-Metallic Minerals","NA","2010","9.5286"
"Netherlands","Gross Domestic Product Per Direct Material Input (2015 Ppp)","Non-Metallic Minerals","NA","2011","9.3929"
"Netherlands","Gross Domestic Product Per Direct Material Input (2015 Ppp)","Non-Metallic Minerals","NA","2012","10.6424"
"Netherlands","Gross Domestic Product Per Direct Material Input (2015 Ppp)","Non-Metallic Minerals","NA","2013","11.165"
"Netherlands","Gross Domestic Product Per Direct Material Input (2015 Ppp)","Non-Metallic Minerals","NA","2014","10.566"
"Netherlands","Gross Domestic Product Per Direct Material Input (2015 Ppp)","Non-Metallic Minerals","NA","2015","12.1845"
"Netherlands","Gross Domestic Product Per Direct Material Input (2015 Ppp)","Non-Metallic Minerals","NA","2016","12.0791"
"Netherlands","Gross Domestic Product Per Direct Material Input (2015 Ppp)","Non-Metallic Minerals","NA","2017","12.9735"
"Netherlands","Gross Domestic Product Per Direct Material Input (2015 Ppp)","Non-Metallic Minerals","NA","2018","12.5505"
"Netherlands","Gross Domestic Product Per Direct Material Input (2015 Ppp)","Non-Metallic Minerals","NA","2019","13.0232"
"Netherlands","Gross Domestic Product Per Direct Material Input (2015 Ppp)","Non-Metallic Minerals","NA","2020","12.18"
"Netherlands","Gross Domestic Product Per Direct Material Input (2015 Ppp)","Metals","NA","1996","21.8271"
"Netherlands","Gross Domestic Product Per Direct Material Input (2015 Ppp)","Metals","NA","1997","20.5405"
"Netherlands","Gross Domestic Product Per Direct Material Input (2015 Ppp)","Metals","NA","1998","20.2541"
"Netherlands","Gross Domestic Product Per Direct Material Input (2015 Ppp)","Metals","NA","1999","22.2967"
"Netherlands","Gross Domestic Product Per Direct Material Input (2015 Ppp)","Metals","NA","2000","23.2667"
"Netherlands","Gross Domestic Product Per Direct Material Input (2015 Ppp)","Metals","NA","2001","23.6978"
"Netherlands","Gross Domestic Product Per Direct Material Input (2015 Ppp)","Metals","NA","2002","25.0365"
"Netherlands","Gross Domestic Product Per Direct Material Input (2015 Ppp)","Metals","NA","2003","25.4513"
"Netherlands","Gross Domestic Product Per Direct Material Input (2015 Ppp)","Metals","NA","2004","21.2831"
"Netherlands","Gross Domestic Product Per Direct Material Input (2015 Ppp)","Metals","NA","2005","22.2832"
"Netherlands","Gross Domestic Product Per Direct Material Input (2015 Ppp)","Metals","NA","2006","21.4813"
"Netherlands","Gross Domestic Product Per Direct Material Input (2015 Ppp)","Metals","NA","2007","20.1484"
"Netherlands","Gross Domestic Product Per Direct Material Input (2015 Ppp)","Metals","NA","2008","20.484"
"Netherlands","Gross Domestic Product Per Direct Material Input (2015 Ppp)","Metals","NA","2009","27.4776"
"Netherlands","Gross Domestic Product Per Direct Material Input (2015 Ppp)","Metals","NA","2010","23.8281"
"Netherlands","Gross Domestic Product Per Direct Material Input (2015 Ppp)","Metals","NA","2011","21.0702"
"Netherlands","Gross Domestic Product Per Direct Material Input (2015 Ppp)","Metals","NA","2012","22.7899"
"Netherlands","Gross Domestic Product Per Direct Material Input (2015 Ppp)","Metals","NA","2013","23.5446"
"Netherlands","Gross Domestic Product Per Direct Material Input (2015 Ppp)","Metals","NA","2014","22.5922"
"Netherlands","Gross Domestic Product Per Direct Material Input (2015 Ppp)","Metals","NA","2015","23.2799"
"Netherlands","Gross Domestic Product Per Direct Material Input (2015 Ppp)","Metals","NA","2016","22.6715"
"Netherlands","Gross Domestic Product Per Direct Material Input (2015 Ppp)","Metals","NA","2017","23.0208"
"Netherlands","Gross Domestic Product Per Direct Material Input (2015 Ppp)","Metals","NA","2018","21.9616"
"Netherlands","Gross Domestic Product Per Direct Material Input (2015 Ppp)","Metals","NA","2019","23.1414"
"Netherlands","Gross Domestic Product Per Direct Material Input (2015 Ppp)","Metals","NA","2020","26.0534"
"Poland","Gross Domestic Product Per Direct Material Input (2015 Ppp)","Construction Minerals","NA","2000","3.5639"
"Poland","Gross Domestic Product Per Direct Material Input (2015 Ppp)","Construction Minerals","NA","2001","4.2777"
"Poland","Gross Domestic Product Per Direct Material Input (2015 Ppp)","Construction Minerals","NA","2002","4.6855"
"Poland","Gross Domestic Product Per Direct Material Input (2015 Ppp)","Construction Minerals","NA","2003","4.3205"
"Poland","Gross Domestic Product Per Direct Material Input (2015 Ppp)","Construction Minerals","NA","2004","4.3129"
"Poland","Gross Domestic Product Per Direct Material Input (2015 Ppp)","Construction Minerals","NA","2005","3.9184"
"Poland","Gross Domestic Product Per Direct Material Input (2015 Ppp)","Construction Minerals","NA","2006","3.615"
"Poland","Gross Domestic Product Per Direct Material Input (2015 Ppp)","Construction Minerals","NA","2007","3.1852"
"Poland","Gross Domestic Product Per Direct Material Input (2015 Ppp)","Construction Minerals","NA","2008","3.1278"
"Poland","Gross Domestic Product Per Direct Material Input (2015 Ppp)","Construction Minerals","NA","2009","3.3778"
"Poland","Gross Domestic Product Per Direct Material Input (2015 Ppp)","Construction Minerals","NA","2010","3.0754"
"Poland","Gross Domestic Product Per Direct Material Input (2015 Ppp)","Construction Minerals","NA","2011","2.2534"
"Poland","Gross Domestic Product Per Direct Material Input (2015 Ppp)","Construction Minerals","NA","2012","3.0033"
"Poland","Gross Domestic Product Per Direct Material Input (2015 Ppp)","Construction Minerals","NA","2013","3.3075"
"Poland","Gross Domestic Product Per Direct Material Input (2015 Ppp)","Construction Minerals","NA","2014","3.6347"
"Poland","Gross Domestic Product Per Direct Material Input (2015 Ppp)","Construction Minerals","NA","2015","3.5001"
"Poland","Gross Domestic Product Per Direct Material Input (2015 Ppp)","Construction Minerals","NA","2016","3.6127"
"Poland","Gross Domestic Product Per Direct Material Input (2015 Ppp)","Construction Minerals","NA","2017","3.4797"
"Poland","Gross Domestic Product Per Direct Material Input (2015 Ppp)","Construction Minerals","NA","2018","3.3653"
"Poland","Gross Domestic Product Per Direct Material Input (2015 Ppp)","Construction Minerals","NA","2019","3.7071"
"Poland","Gross Domestic Product Per Direct Material Input (2015 Ppp)","Construction Minerals","NA","2020","3.6841"
"Poland","Gross Domestic Product Per Direct Material Input (2015 Ppp)","Non-Metallic Minerals","NA","2000","3.3031"
"Poland","Gross Domestic Product Per Direct Material Input (2015 Ppp)","Non-Metallic Minerals","NA","2001","3.9365"
"Poland","Gross Domestic Product Per Direct Material Input (2015 Ppp)","Non-Metallic Minerals","NA","2002","4.2814"
"Poland","Gross Domestic Product Per Direct Material Input (2015 Ppp)","Non-Metallic Minerals","NA","2003","3.9743"
"Poland","Gross Domestic Product Per Direct Material Input (2015 Ppp)","Non-Metallic Minerals","NA","2004","3.9301"
"Poland","Gross Domestic Product Per Direct Material Input (2015 Ppp)","Non-Metallic Minerals","NA","2005","3.6243"
"Poland","Gross Domestic Product Per Direct Material Input (2015 Ppp)","Non-Metallic Minerals","NA","2006","3.38"
"Poland","Gross Domestic Product Per Direct Material Input (2015 Ppp)","Non-Metallic Minerals","NA","2007","3.0015"
"Poland","Gross Domestic Product Per Direct Material Input (2015 Ppp)","Non-Metallic Minerals","NA","2008","2.9594"
"Poland","Gross Domestic Product Per Direct Material Input (2015 Ppp)","Non-Metallic Minerals","NA","2009","3.234"
"Poland","Gross Domestic Product Per Direct Material Input (2015 Ppp)","Non-Metallic Minerals","NA","2010","2.927"
"Poland","Gross Domestic Product Per Direct Material Input (2015 Ppp)","Non-Metallic Minerals","NA","2011","2.1654"
"Poland","Gross Domestic Product Per Direct Material Input (2015 Ppp)","Non-Metallic Minerals","NA","2012","2.8653"
"Poland","Gross Domestic Product Per Direct Material Input (2015 Ppp)","Non-Metallic Minerals","NA","2013","3.1369"
"Poland","Gross Domestic Product Per Direct Material Input (2015 Ppp)","Non-Metallic Minerals","NA","2014","3.428"
"Poland","Gross Domestic Product Per Direct Material Input (2015 Ppp)","Non-Metallic Minerals","NA","2015","3.3175"
"Poland","Gross Domestic Product Per Direct Material Input (2015 Ppp)","Non-Metallic Minerals","NA","2016","3.4152"
"Poland","Gross Domestic Product Per Direct Material Input (2015 Ppp)","Non-Metallic Minerals","NA","2017","3.2882"
"Poland","Gross Domestic Product Per Direct Material Input (2015 Ppp)","Non-Metallic Minerals","NA","2018","3.1905"
"Poland","Gross Domestic Product Per Direct Material Input (2015 Ppp)","Non-Metallic Minerals","NA","2019","3.4974"
"Poland","Gross Domestic Product Per Direct Material Input (2015 Ppp)","Non-Metallic Minerals","NA","2020","3.4813"
"Poland","Gross Domestic Product Per Direct Material Input (2015 Ppp)","Metals","NA","2000","12.4165"
"Poland","Gross Domestic Product Per Direct Material Input (2015 Ppp)","Metals","NA","2001","12.2726"
"Poland","Gross Domestic Product Per Direct Material Input (2015 Ppp)","Metals","NA","2002","12.4991"
"Poland","Gross Domestic Product Per Direct Material Input (2015 Ppp)","Metals","NA","2003","12.7652"
"Poland","Gross Domestic Product Per Direct Material Input (2015 Ppp)","Metals","NA","2004","12.3648"
"Poland","Gross Domestic Product Per Direct Material Input (2015 Ppp)","Metals","NA","2005","14.114"
"Poland","Gross Domestic Product Per Direct Material Input (2015 Ppp)","Metals","NA","2006","13.7118"
"Poland","Gross Domestic Product Per Direct Material Input (2015 Ppp)","Metals","NA","2007","14.5035"
"Poland","Gross Domestic Product Per Direct Material Input (2015 Ppp)","Metals","NA","2008","15.4254"
"Poland","Gross Domestic Product Per Direct Material Input (2015 Ppp)","Metals","NA","2009","19.5864"
"Poland","Gross Domestic Product Per Direct Material Input (2015 Ppp)","Metals","NA","2010","19.0892"
"Poland","Gross Domestic Product Per Direct Material Input (2015 Ppp)","Metals","NA","2011","19.2254"
"Poland","Gross Domestic Product Per Direct Material Input (2015 Ppp)","Metals","NA","2012","16.8558"
"Poland","Gross Domestic Product Per Direct Material Input (2015 Ppp)","Metals","NA","2013","16.8692"
"Poland","Gross Domestic Product Per Direct Material Input (2015 Ppp)","Metals","NA","2014","16.6466"
"Poland","Gross Domestic Product Per Direct Material Input (2015 Ppp)","Metals","NA","2015","16.1862"
"Poland","Gross Domestic Product Per Direct Material Input (2015 Ppp)","Metals","NA","2016","16.6967"
"Poland","Gross Domestic Product Per Direct Material Input (2015 Ppp)","Metals","NA","2017","17.4923"
"Poland","Gross Domestic Product Per Direct Material Input (2015 Ppp)","Metals","NA","2018","17.9911"
"Poland","Gross Domestic Product Per Direct Material Input (2015 Ppp)","Metals","NA","2019","20.8809"
"Poland","Gross Domestic Product Per Direct Material Input (2015 Ppp)","Metals","NA","2020","19.8643"
"Spain","Gross Domestic Product Per Direct Material Input (2015 Ppp)","Construction Minerals","NA","1995","4.13"
"Spain","Gross Domestic Product Per Direct Material Input (2015 Ppp)","Construction Minerals","NA","1996","4.2562"
"Spain","Gross Domestic Product Per Direct Material Input (2015 Ppp)","Construction Minerals","NA","1997","4.011"
"Spain","Gross Domestic Product Per Direct Material Input (2015 Ppp)","Construction Minerals","NA","1998","3.7442"
"Spain","Gross Domestic Product Per Direct Material Input (2015 Ppp)","Construction Minerals","NA","1999","3.5035"
"Spain","Gross Domestic Product Per Direct Material Input (2015 Ppp)","Construction Minerals","NA","2000","3.4826"
"Spain","Gross Domestic Product Per Direct Material Input (2015 Ppp)","Construction Minerals","NA","2001","3.3056"
"Spain","Gross Domestic Product Per Direct Material Input (2015 Ppp)","Construction Minerals","NA","2002","3.0529"
"Spain","Gross Domestic Product Per Direct Material Input (2015 Ppp)","Construction Minerals","NA","2003","2.8377"
"Spain","Gross Domestic Product Per Direct Material Input (2015 Ppp)","Construction Minerals","NA","2004","2.8556"
"Spain","Gross Domestic Product Per Direct Material Input (2015 Ppp)","Construction Minerals","NA","2005","2.8084"
"Spain","Gross Domestic Product Per Direct Material Input (2015 Ppp)","Construction Minerals","NA","2006","2.7563"
"Spain","Gross Domestic Product Per Direct Material Input (2015 Ppp)","Construction Minerals","NA","2007","2.7988"
"Spain","Gross Domestic Product Per Direct Material Input (2015 Ppp)","Construction Minerals","NA","2008","3.3516"
"Spain","Gross Domestic Product Per Direct Material Input (2015 Ppp)","Construction Minerals","NA","2009","4.057"
"Spain","Gross Domestic Product Per Direct Material Input (2015 Ppp)","Construction Minerals","NA","2010","4.9178"
"Spain","Gross Domestic Product Per Direct Material Input (2015 Ppp)","Construction Minerals","NA","2011","5.912"
"Spain","Gross Domestic Product Per Direct Material Input (2015 Ppp)","Construction Minerals","NA","2012","8.0846"
"Spain","Gross Domestic Product Per Direct Material Input (2015 Ppp)","Construction Minerals","NA","2013","9.605"
"Spain","Gross Domestic Product Per Direct Material Input (2015 Ppp)","Construction Minerals","NA","2014","9.367"
"Spain","Gross Domestic Product Per Direct Material Input (2015 Ppp)","Construction Minerals","NA","2015","9.0628"
"Spain","Gross Domestic Product Per Direct Material Input (2015 Ppp)","Construction Minerals","NA","2016","9.9379"
"Spain","Gross Domestic Product Per Direct Material Input (2015 Ppp)","Construction Minerals","NA","2017","9.3604"
"Spain","Gross Domestic Product Per Direct Material Input (2015 Ppp)","Construction Minerals","NA","2018","8.7786"
"Spain","Gross Domestic Product Per Direct Material Input (2015 Ppp)","Construction Minerals","NA","2019","8.6866"
"Spain","Gross Domestic Product Per Direct Material Input (2015 Ppp)","Construction Minerals","NA","2020","8.0373"
"Spain","Gross Domestic Product Per Direct Material Input (2015 Ppp)","Non-Metallic Minerals","NA","1995","3.7503"
"Spain","Gross Domestic Product Per Direct Material Input (2015 Ppp)","Non-Metallic Minerals","NA","1996","3.8309"
"Spain","Gross Domestic Product Per Direct Material Input (2015 Ppp)","Non-Metallic Minerals","NA","1997","3.6561"
"Spain","Gross Domestic Product Per Direct Material Input (2015 Ppp)","Non-Metallic Minerals","NA","1998","3.4385"
"Spain","Gross Domestic Product Per Direct Material Input (2015 Ppp)","Non-Metallic Minerals","NA","1999","3.2333"
"Spain","Gross Domestic Product Per Direct Material Input (2015 Ppp)","Non-Metallic Minerals","NA","2000","3.223"
"Spain","Gross Domestic Product Per Direct Material Input (2015 Ppp)","Non-Metallic Minerals","NA","2001","3.0735"
"Spain","Gross Domestic Product Per Direct Material Input (2015 Ppp)","Non-Metallic Minerals","NA","2002","2.8589"
"Spain","Gross Domestic Product Per Direct Material Input (2015 Ppp)","Non-Metallic Minerals","NA","2003","2.6551"
"Spain","Gross Domestic Product Per Direct Material Input (2015 Ppp)","Non-Metallic Minerals","NA","2004","2.6765"
"Spain","Gross Domestic Product Per Direct Material Input (2015 Ppp)","Non-Metallic Minerals","NA","2005","2.6277"
"Spain","Gross Domestic Product Per Direct Material Input (2015 Ppp)","Non-Metallic Minerals","NA","2006","2.5843"
"Spain","Gross Domestic Product Per Direct Material Input (2015 Ppp)","Non-Metallic Minerals","NA","2007","2.6012"
"Spain","Gross Domestic Product Per Direct Material Input (2015 Ppp)","Non-Metallic Minerals","NA","2008","3.1226"
"Spain","Gross Domestic Product Per Direct Material Input (2015 Ppp)","Non-Metallic Minerals","NA","2009","3.8272"
"Spain","Gross Domestic Product Per Direct Material Input (2015 Ppp)","Non-Metallic Minerals","NA","2010","4.5868"
"Spain","Gross Domestic Product Per Direct Material Input (2015 Ppp)","Non-Metallic Minerals","NA","2011","5.4442"
"Spain","Gross Domestic Product Per Direct Material Input (2015 Ppp)","Non-Metallic Minerals","NA","2012","7.2888"
"Spain","Gross Domestic Product Per Direct Material Input (2015 Ppp)","Non-Metallic Minerals","NA","2013","8.4701"
"Spain","Gross Domestic Product Per Direct Material Input (2015 Ppp)","Non-Metallic Minerals","NA","2014","8.2602"
"Spain","Gross Domestic Product Per Direct Material Input (2015 Ppp)","Non-Metallic Minerals","NA","2015","7.9851"
"Spain","Gross Domestic Product Per Direct Material Input (2015 Ppp)","Non-Metallic Minerals","NA","2016","8.6957"
"Spain","Gross Domestic Product Per Direct Material Input (2015 Ppp)","Non-Metallic Minerals","NA","2017","8.1556"
"Spain","Gross Domestic Product Per Direct Material Input (2015 Ppp)","Non-Metallic Minerals","NA","2018","7.7097"
"Spain","Gross Domestic Product Per Direct Material Input (2015 Ppp)","Non-Metallic Minerals","NA","2019","7.7116"
"Spain","Gross Domestic Product Per Direct Material Input (2015 Ppp)","Non-Metallic Minerals","NA","2020","7.128"
"Spain","Gross Domestic Product Per Direct Material Input (2015 Ppp)","Metals","NA","1995","28.5897"
"Spain","Gross Domestic Product Per Direct Material Input (2015 Ppp)","Metals","NA","1996","29.7305"
"Spain","Gross Domestic Product Per Direct Material Input (2015 Ppp)","Metals","NA","1997","25.4087"
"Spain","Gross Domestic Product Per Direct Material Input (2015 Ppp)","Metals","NA","1998","21.8894"
"Spain","Gross Domestic Product Per Direct Material Input (2015 Ppp)","Metals","NA","1999","28.2081"
"Spain","Gross Domestic Product Per Direct Material Input (2015 Ppp)","Metals","NA","2000","27.0105"
"Spain","Gross Domestic Product Per Direct Material Input (2015 Ppp)","Metals","NA","2001","29.3919"
"Spain","Gross Domestic Product Per Direct Material Input (2015 Ppp)","Metals","NA","2002","33.1614"
"Spain","Gross Domestic Product Per Direct Material Input (2015 Ppp)","Metals","NA","2003","33.7686"
"Spain","Gross Domestic Product Per Direct Material Input (2015 Ppp)","Metals","NA","2004","32.821"
"Spain","Gross Domestic Product Per Direct Material Input (2015 Ppp)","Metals","NA","2005","32.7563"
"Spain","Gross Domestic Product Per Direct Material Input (2015 Ppp)","Metals","NA","2006","32.456"
"Spain","Gross Domestic Product Per Direct Material Input (2015 Ppp)","Metals","NA","2007","33.859"
"Spain","Gross Domestic Product Per Direct Material Input (2015 Ppp)","Metals","NA","2008","34.7996"
"Spain","Gross Domestic Product Per Direct Material Input (2015 Ppp)","Metals","NA","2009","43.5859"
"Spain","Gross Domestic Product Per Direct Material Input (2015 Ppp)","Metals","NA","2010","35.701"
"Spain","Gross Domestic Product Per Direct Material Input (2015 Ppp)","Metals","NA","2011","39.9194"
"Spain","Gross Domestic Product Per Direct Material Input (2015 Ppp)","Metals","NA","2012","40.332"
"Spain","Gross Domestic Product Per Direct Material Input (2015 Ppp)","Metals","NA","2013","36.2682"
"Spain","Gross Domestic Product Per Direct Material Input (2015 Ppp)","Metals","NA","2014","34.4721"
"Spain","Gross Domestic Product Per Direct Material Input (2015 Ppp)","Metals","NA","2015","32.5298"
"Spain","Gross Domestic Product Per Direct Material Input (2015 Ppp)","Metals","NA","2016","31.0745"
"Spain","Gross Domestic Product Per Direct Material Input (2015 Ppp)","Metals","NA","2017","27.8878"
"Spain","Gross Domestic Product Per Direct Material Input (2015 Ppp)","Metals","NA","2018","25.4665"
"Spain","Gross Domestic Product Per Direct Material Input (2015 Ppp)","Metals","NA","2019","29.289"
"Spain","Gross Domestic Product Per Direct Material Input (2015 Ppp)","Metals","NA","2020","27.9521"
